,okcupid,text,pred
203,1,"['weird', 'used', 'okc', 'months', 'recently', 'got', 'relationship', 'like', 'fuck', 'come', 'find', 'account', 'banned', 'really', 'sure', 'considering', 'months', 'step', 'line', 'talking', 'people', 'happened', 'anyone', 'else']",1
156,1,"['wokefish', 'dating', 'trend', 'shady', 'men', 'pretending', 'progressive', 'apps', '']",1
919,0,"['ever', 'met', 'girl', 'dreams', '']",1
1379,1,"['best', 'meet', 'daddies', 'lot', 'apps', 'okcupid', 'seems', 'good', 'reviews', 'wondering', 'best', 'meet', 'daddies', 'years', 'old', 'doctor', 'algeria', 'handsome', 'cute', 'smart', 'caring', 'cm', 'kg', 'looking', 'cute', 'manly', 'looking', 'daddy', 'chat', 'eventually', 'still', 'live', 'algeria', 'willing', 'relocate', 'worth']",1
48,0,"['fruit', 'loop', '']",1
501,0,"['actually', 'gave', 'number', '']",1
812,1,"['many', 'pictures', 'many', 'old', 'profile', 'many', '']",1
490,0,"['bio', 'wipe', 'balls', 'smell', 'think', 'deserve', 'good', 'woman', '']",0
971,0,"['attention', 'favorite', '']",0
875,1,"['fuck', 'use', 'new', 'version', 'confused', 'nothing', 'like', 'old', 'one', 'happened', 'scrolling', 'profiles', 'seeing', 'messages', 'fucking', 'stupid', 'worst', 'tinder']",1
557,0,"['harsh', 'reality', '']",1
742,0,"['gave', 'local', 'high', 'school', 'address', '']",0
1629,1,"['case', 'study', 'okc', 'match', 'percentage', 'algorithm', '']",1
99,0,"['issue', 'photo', 'quality', 'anyone', 'else', 'issue', 'tinder', 'downgrading', 'quality', 'photos', 'shots', 'nice', 'digital', 'camera', 'already', 'cropped', 'upload', 'profile', 'quality', 'takes', 'massive', 'hit']",0
993,1,"['everyone', 'lie', 'much', 'find', 'anyway', 'relationship', 'ruined', 'looking', 'something', 'long', 'term', 'make', 'clear', 'sleeping', 'anybody', 'five', 'six', 'dates', 'whatever', 'answer', 'also', 'mention', 'progressive', 'huge', 'bernie', 'fan', 'interested', 'anyone', 'conservative', 'trump', 'person', 'different', 'values', 'politics', 'gonna', 'work', 'also', 'want', 'date', 'anyone', 'separated', 'newly', 'divorced', 'yet', 'wind', 'dates', 'people', 'conservative', 'lie', 'divorced', 'yet', 'one', 'case', 'took', 'nine', 'friggin', 'months', 'one', 'find', 'divorced', 'recent', 'person', 'literally', 'two', 'years', 'totally', 'bs', 'ing', 'hates', 'blm', 'faked', 'came', 'rally', 'shit', 'hit', 'fan', 'asked', 'iwhy', 'would', 'go', 'blm', 'thought', 'lives', 'matter', 'said', 'went', 'end', 'argument', 'making', 'jokes', 'chicken', 'watermelon', 'devastated', 'better', 'tell', 'truth', 'meet', 'someone', 'compatible', 'feel', 'like', 'wasted', 'two', 'years', 'life', 'mention', 'betrayal', 'ever', 'trust', 'anyone', 'edit', 'typos']",1
146,0,"['christian', 'bdsm', '']",1
858,1,"['strangerarranger', 'activity', 'points', 'hey', 'old', 'timer', 'folks', 'anyone', 'remember', 'strangerarranger', 'anything', 'useful', 'think', 'prequel', 'quiver', 'one', 'person', 'week', 'october', 'hey', 'friendly', 'okcupid', 'member', 'thought', 'might', 'interested', 'hear', 'rigors', 'heavy', 'mathematical', 'computation', 'statistics', 'smidgeon', 'intuition', 'managed', 'determine', 'perfect', 'soulmate', 'week', 'part', 'ongoing', 'hell', 'site', 'expansion', 'campaign', 'programmed', 'new', 'toy', 'stranger', 'arranger', 'weekly', 'matchup', 'every', 'single', 'person', 'okcupid', 'person', 'matched', 'also', 'matched', 'duty', 'explore', 'message', 'get', 'notification', 'check', 'weekly', 'current', 'match', 'visiblevagina', 'witness', 'www', 'okcupid', 'com', 'strangerarranger', 'okcupid', 'truly', 'free', 'online', 'dating', 'amp', 'x', 'b', 'whilst', 'still', 'anyone', 'remember', 'could', 'buy', 'activity', 'points', 'earned', 'memory', 'says', 'could', 'buy', 'time', 'large', 'mailbox', 'somebody', 'else', 'could', 'use', 'monthly', 'ad', 'free', 'browsing', 'work', 'earned', 'think', 'got', 'mine', 'originally', 'donating']",1
711,1,"['shared', 'interest', 'feature', 'ever', 'work', 'keep', 'typing', 'simple', 'things', 'like', 'netflix', 'youtube', 'video', 'games', 'games', 'people', 'watch', 'netflix', 'find', 'incredibly', 'hard', 'believe', 'feature', 'even', 'work', 'properly']",1
1424,1,"['covid', 'date', 'ideas', 'live', 'large', 'city', 'still', 'strict', 'shelter', 'place', 'feel', 'like', 'date', 'ideas', 'going', 'points', 'interest', 'walking', 'around', 'need', 'creative', 'ideas', 'matter', 'simple']",1
198,1,"['wants', 'break', 'engagement', 'date', 'fianc', 'brother', '']",1
695,0,"['bio', 'said', 'could', 'get', 'good', 'bagels', '']",0
1265,0,"['started', 'tinder', '']",0
1091,1,"['question', 'help', 'make', 'new', 'account', 'old', 'one', 'banned', 'days', 'since', 'banned', 'bother', 'making', 'new', 'one', 'cause', 'distracted', 'playing', 'videogames', 'make', 'new', 'one']",0
1086,0,"['call', 'speed', 'dating', '']",1
1300,0,"['rough', 'buddy', '']",1
1251,0,"['halloween', 'came', 'early', 'year', '']",1
540,0,"['another', 'charming', 'man', '']",1
1403,1,"['miss', 'match', 'select', 'match', 'yentl']",1
1309,0,"['called', 'ugly', 'worth', '']",0
760,1,"['selfie', 'saturday', 'july', 'know']",1
1435,1,"['weird', 'spot', 'spot', 'dating', 'girl', 'always', 'initiating', 'texts', 'inviting', 'even', 'though', 'know', 'likes', 'seem', 'initiating', 'kinda', 'afraid', 'stop', 'texting', 'try', 'reach', 'obviously', 'simplest', 'thing', 'would', 'test', 'really', 'want', 'lose']",1
1164,1,"['remember', 'days', 'month', 'absolutely', 'outrageous', '']",1
565,1,"['costs', 'skyrocketing', 'leaving', 'today', '']",1
1528,1,"['guy', 'keeps', 'delaying', 'meeting', 'weeks', 'never', 'wanting', 'confirm', 'spot', 'rescheduling', 'date', 'asked', 'questions', 'texts', 'avoid', 'people', 'like', 'mention', 'always', 'need', 'go', 'schedule', 'saturday', 'x', 'time', 'never', 'times', 'thank', 'god', 'cancelled', 'dodged', 'bullet', 'reversed', 'lookup', 'phone', 'yeah', 'lied', 'age', 'marital', 'status', 'even', 'criminal', 'record', 'cringe']",1
839,0,"['say', 'get', 'woman', 'knows', 'want', '']",1
458,1,"['person', 'clear', 'intentions', 'right', 'start', '']",1
852,0,"['irish', '']",1
836,0,"['simple', 'question', '']",1
1197,1,"['pickup', 'line', 'worked', 'like', 'title', 'says', 'used', 'pickup', 'line', 'girl', 'profile', 'asked', 'seemed', 'like', 'since', 'liked', 'back', 'message', 'problem', 'typed', 'lol', 'idea', 'follow', 'advice', 'would', 'greatly', 'appreciated', 'edit', 'add', 'profile', 'says', 'submissive', 'guys', 'front', 'tell', 'pickup', 'line', 'might', 'let', 'take', 'sure', 'make', 'conversation', 'besides', 'pickup', 'line', 'started']",0
383,0,"['pic', 'delete', 'remove', 'one', 'picture', 'delete', 'thanks', 'https', 'tinder', 'com', 'qazwsz', 'https', 'tinder', 'com', 'qazwsz']",0
159,0,"['fuck', 'haters', 'brows', 'fleek', '']",0
1002,1,"['feel', 'rom', 'com', '']",1
1617,1,"['would', 'date', 'former', 'sex', 'worker', 'would', 'date', 'former', 'john', '']",1
60,1,"['completely', 'new', 'nervous', 'hi', 'everyone', 'lockdown', 'got', 'thinking', 'lady', 'certain', 'age', 'live', 'cat', 'adore', 'heart', 'single', 'really', 'bothered', 'years', 'times', 'feel', 'awkward', 'never', 'plus', 'one', 'social', 'occasions', 'know', 'baby', 'route', 'extremely', 'unlikely', 'ok', 'extremely', 'anxious', 'take', 'medication', 'anxiety', 'myriad', 'self', 'esteem', 'issues', 'nothing', 'hurt', 'right', 'anyway', 'goes', 'lonely', 'gosh', 'nearly', 'crying', 'long', 'kind', 'intimacy', 'romance', 'novel', 'stuff', 'devoured', 'mills', 'amp', 'boon', 'books', 'back', 'day', 'sigh', 'sitting', 'blanket', 'together', 'sharing', 'snacks', 'drinking', 'hot', 'chocolate', 'front', 'tv', 'telling', 'scared', 'life', 'short', 'cousin', 'mine', 'egregious', 'breakup', 'told', 'tinder', 'well', 'sounds', 'scary', 'sure', 'would', 'cope', 'signed', 'ok', 'cupid', 'answered', 'questions', 'completed', 'profile', 'leaving', 'photo', 'like', 'looking', 'know', 'stipulated', 'friendship', 'long', 'term', 'relationships', 'really', 'know', 'whether', 'lockdown', 'made', 'character', 'things', 'well', 'finish', 'reading', 'war', 'peace', 'eternity', 'want', 'embrace', 'life', 'would', 'love', 'find', 'mr', 'right', 'scared', 'cat', 'would', 'like', 'important', 'thank', 'anyone', 'read', 'advice', 'appreciated']",1
1105,1,"['met', 'ok', 'cupid', 'almost', 'years', 'ago', 'started', 'stay', 'home', 'date', 'pancakes', 'movie', 'never', 'ending', 'story', 'married', 'best', 'friend', 'sunday', 'beautiful', 'ceremony', 'packed', 'symbolism', 'inclusiveness', 'happy', 'man', 'reddit', '']",1
1095,0,"['guess', 'found', 'new', 'strat', '']",0
374,0,"['two', 'types', 'girls', '']",0
731,1,"['swipes', 'recently', 'got', 'app', 'get', 'swipes', 'likes', 'swipe', 'times', 'runs', 'swipes', 'get', 'matches', 'like', 'something', 'wrong', 'app', 'messing', 'ass']",0
1269,0,"['added', 'tinder', '']",0
1104,0,"['sometimes', 'ya', 'gotta', 'em', '']",0
1292,0,"['legit', '']",0
1136,0,"['us', 'first', 'half', '']",1
228,0,"['oops', '']",1
102,1,"['feel', 'dating', 'roommate', '']",1
1260,0,"['done', 'good', 'deed', 'day', '']",1
1271,1,"['advice', 'dating', 'covid', 'even', 'recommended', 'first', 'time', 'life', 'actually', 'self', 'confidence', 'resources', 'start', 'dating', 'process', 'e', 'asking', 'people', 'dates', 'everything', 'related', 'considering', 'never', 'even', 'date', 'covid', 'struck', 'everything', 'grinded', 'halt', 'best', 'way', 'resume', 'dating', 'e', 'meeting', 'new', 'people', 'etc', 'following', 'safety', 'guidelines', 'kinda', 'like', 'social', 'distance', 'date', 'sorts', 'suggestions']",1
82,1,"['feel', 'republican', 'national', 'convention', '']",1
512,0,"['sup', 'lazy', 'opener', 'tried', 'funny', 'fuck', 'happened', '']",0
457,0,"['make', 'mistake', 'keep', 'going', '']",1
929,1,"['okcupid', 'either', 'lies', 'intentionally', 'doesnt', 'show', 'profiles', 'people', 'like', 'experiment', 'created', 'profile', 'every', 'since', 'liked', 'every', 'single', 'person', 'swiping', 'right', 'even', 'though', 'depressing', 'people', 'right', 'swipes', 'mutual', 'match', 'interesting', 'got', 'following', 'messages', 'swiping', 'right', 'every', 'photo', 'missed', 'match', 'know', 'sign', 'subscription', 'people', 'like', 'u', 'find', 'signing', 'subscription', 'miss', 'match', 'swiped', 'right', 'every', 'photo', 'since', 'signed', 'fact', 'matches', 'mutual', 'would', 'u', 'say', 'people', 'liked', 'u', 'wont', 'put', 'feed', 'also', 'search', 'criteria', 'people', 'within', 'miles', 'extra', 'filters']",1
1035,1,"['help', 'pls', 'girl', 'friends', 'knows', 'like', 'says', 'heard', 'rumor', 'used', 'like', 'starting', 'get', 'know', 'better', 'want', 'ask', 'possibly', 'ask', 'girlfriend']",1
706,0,"['follow', 'worked', 'boys', '']",0
675,1,"['feel', 'manicure', 'pedicure', '']",1
293,0,"['finally', 'profile', 'swipe', 'right', '']",0
1566,1,"['want', 'girl', 'look', 'way', 'rich', 'looks', 'mike', 'talking', 'star', 'trek', 'tng', '']",1
509,0,"['think', 'needs', 'hug', '']",0
250,1,"['date', 'multiple', 'people', 'time', 'dating', 'multiple', 'guys', 'one', 'guy', 'went', 'date', 'times', 'got', 'physical', 'told', 'deleted', 'app', 'tell', 'could', 'tell', 'bit', 'bothered', 'still', 'app', 'later', 'brought', 'told', 'see', 'online', 'like', 'time', 'told', 'new', 'getting', 'know', 'disappeared', 'know', 'bad', 'slept', 'date', 'different', 'guys', 'time', 'find', 'one', 'without', 'pissing', 'ones', 'selfish']",1
375,0,"['stand', 'look', 'sexy', '']",0
1215,1,"['anyone', 'know', 'get', 'rid', 'international', 'liking', 'confused', 'got', 'list', 'recently', 'discovered', 'likes', 'people', 'indonesia', 'thailand', 'turkey', 'disappointed', 'long', 'distance', 'want', 'meet', 'people', 'anyone', 'know', 'make', 'profile', 'seen', 'people', 'area', 'least', 'stop', 'likes', 'coming', 'countries', 'know', 'newer', 'ios', 'app', 'used', 'use', 'never', 'got', 'anybody', 'different', 'country']",1
1533,0,"['flirt', '']",1
1262,1,"['cj', 'covid', 'never', 'happened', 'would', 'done', 'past', 'months', '']",1
1349,0,"['regrets', 'guy', 'loves', 'fishing', '']",1
998,1,"['wear', 'face', 'masks', 'avoid', 'kissing', 'sex', 'reduce', 'spread', 'coronavirus', 'says', 'sexual', 'health', 'charity', '']",1
427,1,"['healthy', 'dating', 'amp', 'life', 'style', 'mind', 'set', '']",1
615,1,"['undo', 'button', 'anymore', '']",1
252,1,"['cj', 'type', 'physical', 'otherwise']",1
1016,0,"['hmm', '']",1
1451,0,"['dayum', 'girl', 'lemme', 'see', 'intellect', '']",1
1368,1,"['would', 'make', 'anyone', 'think', 'list', 'long', 'necessary', '']",1
233,1,"['something', 'changed', 'profile', 'picture', 'morning', 'decided', 'enter', 'profile', 'surprise', 'profile', 'picture', 'mustache', 'drawn', 'really', 'know', 'think']",0
314,0,"['profile', 'review', 'need', 'advice', 'please', 'blunt', '']",0
794,1,"['send', 'photos', 'chat', 'dating', 'apps', 'hi', 'please', 'delete', 'rules', 'google', 'skills', 'working', 'info', 'asking', 'project', 'working', 'okc', 'specific', 'dating', 'apps', 'could', 'kind', 'folks', 'please', 'help', 'identify', 'dating', 'apps', 'allow', 'send', 'pics', 'chat', 'know', 'many', 'allow', 'prevent', 'nudes', 'dick', 'pics', 'etc', 'know', 'tinder', 'hinge', 'bumble', 'okc', 'basically', 'compiling', 'list', 'googling', 'appname', 'allow', 'photos', 'sent', 'chat', 'returning', 'direct', 'answer', 'talking', 'chat', 'function', 'profile', 'pics', 'promise', 'using', 'info', 'nefarious', 'purposes', 'thank', 'help']",1
1256,1,"['cj', 'ideal', 'profile', 'look', 'like', 'describe', 'profile', 'get', 'swipe', 'right', 'times']",1
561,1,"['masturbate', 'shower', 'shower', 'masturbation', 'sex', 'toys', '']",1
766,0,"['hope', 'says', 'yes', '']",0
5,0,"['unsure', 'accept', 'likes', 'matches', 'hi', 'new', 'app', 'know', 'fully', 'use', 'received', 'likes', 'matches', 'new', 'matches', 'section', 'cannot', 'anything', 'unless', 'gold', 'subscription', 'need', 'subscription', 'chat', 'someone', 'thanks']",1
916,1,"['still', 'way', 'see', 'liked', 'holding', 'hope', 'keep', 'removing', 'features', 'making', 'worse', 'time', 'miss', 'maybe', 'possible', 'seeing', 'see', 'liked', 'liked']",1
367,0,"['chinese', 'woman', '']",0
757,1,"['women', 'reddit', 'clothing', 'makes', 'man', 'sexy', '']",1
1319,1,"['anyone', 'found', 'worthy', 'date', 'okcupid', 'year', 'please', 'share', 'thoughts', '']",1
513,1,"['android', 'app', 'notifications', 'android', 'app', 'notification', 'settings', 'bit', 'opaque', 'really', 'want', 'notify', 'match', 'new', 'message', 'opposed', 'events', 'deals', 'however', 'high', 'low', 'priority', 'activities', 'okcupid', 'general', 'notifications', 'able', 'find', 'online', 'resources', 'app', 'anyone', 'luck', 'getting', 'minimalist', 'approach']",1
1069,0,"['outta', 'tune', '']",1
1045,1,"['find', 'girl', 'like', 'get', 'gf', 'hello', 'feel', 'like', 'nowadays', 'girls', 'age', 'drinking', 'smoking', 'drugs', 'mostly', 'looking', 'sex', 'thats', 'wondering', 'find', 'someone', 'like', 'similar', 'interests', 'type', 'guy', 'sporty', 'active', 'play', 'football', 'soccer', 'work', 'train', 'lot', 'would', 'love', 'someone', 'understand', 'someone', 'lot', 'common', 'etc', 'much', 'dating', 'experience', 'sure', 'get', 'girlfriend', 'think', 'go', 'tinder', 'meet', 'someone', 'shall', 'continue', 'hobbies', 'wait', 'fate', 'happen', 'thank', 'much', 'time']",1
1284,1,"['andy', 'orders', 'italian', 'okcupid', '']",1
271,0,"['asked', '']",1
1376,1,"['people', 'us', 'trying', 'date', 'like', 'pandemic', 'like', 'see', 'tons', 'people', 'post', 'sub', 'places', 'things', 'like', 'kissing', 'first', 'date', 'going', 'parties', 'gatherings', 'fucking', 'flabbergasted', 'even', 'thinking', 'edit', 'implying', 'people', 'trying', 'date', 'safely', 'surprised', 'number', 'people', 'dating', 'seemingly', 'zero', 'fucks', 'covid']",1
1316,1,"['unmatch', 'mid', 'conversation', 'inappropriate', 'time', 'mid', 'convo', 'say', 'things', 'like', 'yea', 'nah', 'really', 'matter']",1
1623,0,"['getting', 'matches', '']",1
864,1,"['bois', 'suggest', 'name', 'pun', 'sanchita', '']",0
261,1,"['short', 'likes', 'question', 'hi', 'order', 'likely', 'get', 'match', 'doubletake', 'option', 'use', 'free', 'user', 'okcupids', 'help', 'says', 'doubletake', 'likely', 'show', 'likes', 'doubletake', 'options', 'recommended', 'match', 'etc']",1
223,0,"['anyone', 'else', 'report', 'type', 'shit', 'hate', 'speach', '']",1
1246,0,"['right', '']",0
73,1,"['friends', 'friend', 'trying', 'say', 'saying', 'want', 'think', 'think', 'better', 'every', 'time', 'sort', 'conversation', 'share', 'possible', 'interpretations', 'usually', 'say', 'giving', 'advice', 'dating', 'deal', 'life', 'ex', 'talking', 'women', 'time', 'talking', 'would', 'want', 'know', 'sexual', 'history', 'asked', 'friend', 'acquaintance', 'always', 'says', 'want', 'think', 'think', 'better', 'every', 'time', 'sort', 'conversation', 'whether', 'new', 'thing', 'people', 'free', 'open', 'topic', 'sex', 'friend', 'says', 'happen', 'likely', 'setting', 'boundaries', 'understand', 'confused', 'friend', 'always', 'seems', 'start', 'point', 'want', 'think', 'think', 'better', 'every', 'time', 'sort', 'conversation', 'think', 'insert', 'advice', 'want', 'see', 'good', 'person', 'something', 'tells', 'think', 'better', 'okay', 'think', 'friendship', 'stand', 'also', 'says', 'things', 'like', 'think', 'weird', 'anything', 'hope', 'think', 'implying', 'met', 'friend', 'many', 'events', 'pretend', 'see', 'like', 'want', 'notice', 'bump', 'say', 'oh', 'text', 'call']",1
1324,1,"['worst', 'advice', 'give', 'virgin', 'first', 'time', '']",1
612,1,"['likes', 'message', 'heck', 'maybe', 'boring']",0
38,1,"['everything', 'drying', 'sure', 'happening', 'old', 'remember', 'yrs', 'ago', 'get', 'date', 'like', 'week', 'get', 'laid', 'least', 'month', 'interested', 'serious', 'relationship', 'things', 'started', 'slowly', 'getting', 'worse', 'last', 'yrs', 'barely', 'luck', 'barely', 'get', 'matches', 'tinder', 'bumble', 'reply', 'stop', 'replying', 'within', 'two', 'three', 'messages', 'chance', 'ask', 'pof', 'okc', 'better', 'date', 'since', 'april', 'also', 'sound', 'conceited', 'quality', 'women', 'able', 'get', 'matches', 'message', 'gone', 'way', 'mean', 'physically', 'used', 'date', 'mostly', 'lucky', 'get', 'date', 'got', 'bald', 'fat', 'going', 'adjust', 'tactics', 'import', 'bride', 'colombia']",1
1055,0,"['nice', '']",0
552,1,"['feel', 'bidets', '']",1
1142,0,"['dudes', 'set', 'gender', 'female', 'appear', 'search', 'even', 'set', 'filters', 'see', 'women', 'get', 'dude', 'pretending', 'woman', 'show']",1
1296,0,"['simp', 'september', 'full', 'swing', 'lads', '']",1
1122,1,"['feel', 'panucho', '']",1
983,1,"['feel', 'friends', '']",1
154,1,"['question', 'app', 'ran', 'likes', 'girl', 'literally', 'woman', 'dreams', 'got', 'hours', 'go', 'anyway', 'get', 'back', 'profile', 'goes', 'away', 'know', 'sometimes', 'close', 'open', 'app', 'someone', 'else']",0
337,1,"['anyone', 'else', 'issues', 'like', 'past', 'years', 'fallen', 'ladder', 'comes', 'dating', 'ever', 'since', 'last', 'relationship', 'ended', 'four', 'years', 'ago', 'seems', 'like', 'finding', 'connection', 'seems', 'get', 'harder', 'harder', 'used', 'issue', 'could', 'reach', 'third', 'date', 'would', 'two', 'great', 'first', 'dates', 'got', 'point', 'get', 'second', 'date', 'would', 'conversations', 'apps', 'get', 'first', 'date', 'would', 'get', 'matches', 'responses', 'get', 'matches', 'well', 'got', 'two', 'one', 'miles', 'away', 'looks', 'like', 'photos', 'taken', 'razor', 'phone', 'anyone', 'else', 'kind', 'experience', 'covid', 'aside', 'perhaps', 'something', 'angered', 'algorithm', 'point', 'wants', 'erase', 'public', 'vision']",1
1532,1,"['feel', 'options', 'comes', 'dating', '']",1
715,1,"['set', 'date', 'specific', 'time', 'guy', 'said', 'let', 'know', 'time', 'gets', 'closer', 'red', 'flag', 'meant', 'red', 'flag', 'think', 'gonna', 'bail', 'cancel', 'like', 'backup', 'option']",1
853,0,"['jeez', 'imagine', '']",1
585,0,"['never', 'thought', 'would', 'get', 'far', '']",1
1212,0,"['wait', '']",1
535,0,"['zero', 'hero', '']",1
1599,1,"['got', 'banned', 'got', 'banned', 'okcupid', 'anyone', 'remembers', 'message']",0
1356,1,"['feel', 'hot', 'tamale', '']",1
294,1,"['got', 'invited', 'tell', 'ok', 'cupid', 'feel', 'update', 'services', '']",1
910,1,"['ways', 'okcupid', 'better', 'back', 'day', 'read', 'many', 'times', 'come', 'back', 'app', 'using', 'long', 'bad', 'used', 'year', 'almost', 'since', 'defending', 'anything', 'curious', 'like', 'read', 'list', 'came', 'later', 'complains', 'pay', 'see', 'sent', 'intro', 'could', 'see', 'liked', 'wrote', 'intro', 'years', 'ago', 'long', 'ago', 'else', 'good', 'features', 'longer', 'edit', 'reading', 'awesome', 'features', 'regret', 'born', 'late', 'experiencing', 'change', 'first', 'hand', 'seeing', 'people', 'get', 'good', 'ideas', 'apply', 'like', 'app', 'dicks', 'shitty', 'things', 'making', 'fake', 'profiles', 'inappropriate', 'greedy', 'owners', 'wanting', 'money', 'good', 'things', 'last']",1
1397,1,"['feel', 'hot', 'cheetos', '']",1
1437,1,"['cj', 'obsessed', 'lately', '']",1
840,0,"['based', 'exchange', 'pretty', 'pear', 'fect', '']",1
1559,1,"['green', 'dot', 'truth', 'really', 'accurate', 'showing', 'online', 'informally', 'note', 'see', 'profile', 'liked', 'gauge', 'actually', 'active', 'site', 'message']",1
1371,1,"['got', 'tinder', 'r', 'tinder', 'memes', 'screenshots', 'find', 'anyone', 'talk', 'okcupid', 'toilet', 'tinder', 'become', 'place', 'go', 'serious', 'dating', 'made', 'changes', 'longer', 'write', 'anything', 'resembling', 'detailed', 'profile', 'limited', 'one', 'line', 'less', 'tweet', 'length', 'set', 'profile', 'choose', 'minimum', 'three', 'passions', 'short', 'list', 'incredibly', 'generic', 'often', 'poorly', 'worded', 'interests', 'add', 'none', 'actual', 'passions', 'list', 'although', 'one', 'dog', 'almost', 'tinder', 'thinks', 'passionate', 'dog', 'lover', 'whatever', 'grammar', 'hell', 'supposed', 'mean', 'guess', 'options', 'tinder', 'refuge', 'okcupid', 'got', 'trashed', 'everyone', 'left', 'even', 'try', 'say', 'anything', 'profile', 'tinder', 'even', 'long', 'enough', 'say', 'headed', 'long', 'rely', 'mediocre', 'looks', 'dog', 'pictures', 'get', 'matches', 'ghost', 'ask', 'live', 'etc', 'since', 'say', 'profile']",0
1293,1,"['curious', 'found', 'demo', 'instance', 'ph', 'cms', 'dating', 'website', 'u', 'peeweehymen', 'https', 'www', 'reddit', 'com', 'user', 'peeweehymen', 'u', 'yndrm', 'found', 'demo', 'instance', 'ph', 'cms', 'dating', 'website', 'want', 'check', 'link', 'https', 'www', 'softaculous', 'com', 'apps', 'socialnetworking', 'ph', 'cms', 'https', 'www', 'softaculous', 'com', 'apps', 'socialnetworking', 'ph', 'cms', 'interesting', 'feature', 'wise', 'take', 'lot', 'work', 'bring', 'parity', 'okcupid', 'still', 'worth', 'checking', 'though', 'half', 'mind', 'learn', 'php', 'write', 'questionnaire', 'plugin', 'also', 'needs', 'ability', 'provide', 'selectable', 'essay', 'prompts']",1
1027,0,"['bought', 'get', 'firelord', 'dick', '']",1
415,1,"['normal', 'give', 'phone', 'number', 'date', '']",1
566,0,"['catch', '']",1
825,0,"['read', 'world', 'showing', 'mile', 'radius', 'absolute', 'rollercoaster', '']",0
849,1,"['question', 'non', 'user', 'okc', 'emails', 'used', 'okc', 'since', 'around', 'idea', 'works', 'anymore', 'trying', 'find', 'types', 'emails', 'owners', 'deleted', 'inactive', 'profiles', 'might', 'receive', 'promise', 'searched', 'posting', 'really', 'find', 'definitive', 'info', 'almost', 'year', 'relationship', 'hinging', 'really', 'hope', 'guys', 'help', 'past', 'january', 'boyfriend', 'showing', 'something', 'computer', 'saw', 'email', 'okc', 'time', 'figured', 'spam', 'cause', 'matches', 'messages', 'something', 'like', 'miss', 'happy', 'hour', 'lots', 'people', 'online', 'tonight', 'spam', 'folder', 'filled', 'hot', 'singles', 'messages', 'sites', 'never', 'even', 'worried', 'time', 'knew', 'used', 'okc', 'past', 'last', 'used', 'years', 'ago', 'even', 'started', 'dating', 'says', 'went', 'inactive', 'broke', 'couple', 'weeks', 'early', 'april', 'year', 'relevant', 'swear', 'conversation', 'weeks', 'ago', 'importance', 'honesty', 'told', 'reactivated', 'briefly', 'breakup', 'left', 'lying', 'hitting', 'ex', 'swears', 'changed', 'man', 'nothing', 'hide', 'anymore', 'anyway', 'offered', 'delete', 'profile', 'watched', 'sort', 'trust', 'building', 'exercise', 'gotten', 'around', 'yet', 'think', 'starting', 'think', 'using', 'okc', 'whole', 'time', 'together', 'find', 'anything', 'online', 'says', 'exactly', 'kind', 'emails', 'inactive', 'users', 'might', 'get', 'would', 'imagine', 'read', 'like', 'miss', 'come', 'back', 'emails', 'inviting', 'people', 'logged', 'years', 'whatever', 'happy', 'hour', 'email', 'also', 'went', 'main', 'inbox', 'junk', 'folder', 'particular', 'inbox', 'organization', 'everything', 'unimportant', 'routed', 'either', 'junk', 'folder', 'secondary', 'folders', 'lastly', 'okc', 'site', 'says', 'delete', 'inactive', 'profiles', 'years', 'activity', 'really', 'used', 'since', 'around', 'mid', 'late', 'like', 'claims', 'even', 'able', 'reactivate', 'april', 'would', 'least', 'months', 'past', 'year', 'cutoff', 'best', 'still', 'active', 'months', 'relationship', 'know', 'could', 'ask', 'since', 'caught', 'multiple', 'lies', 'past', 'highly', 'doubt', 'admit', 'especially', 'since', 'knows', 'dump', 'spot', 'thought', 'catfishing', 'bring', 'maybe', 'strong', 'enough', 'handle', 'actually', 'messages', 'back', 'dunno', 'thinking', 'telling', 'ready', 'finally', 'sit', 'together', 'delete', 'profile', 'weekend', 'demand', 'see', 'chats', 'right', 'logs', 'assuming', 'cleaned', 'inbox', 'even', 'willing', 'let', 'present', 'logs', 'feels', 'like', 'trick', 'honestly', 'want', 'least', 'fairly', 'certain', 'email', 'amp', 'circumstantial', 'evidence', 'really', 'damning', 'seem', 'make', 'decisions', 'relationship', 'sure', 'probably', 'better', 'posted', 'relationship', 'subs', 'wanted', 'get', 'opinions', 'actual', 'okc', 'users', 'know', 'site', 'works', 'really', 'bad', 'feeling', 'guys', 'think', 'thank', 'advance', 'sorry', 'long']",1
1277,1,"['let', 'classic', 'chat', 'even', 'point', 'average', 'average', 'figured', 'come', 'see', 'deal', 'directly', 'ask', 'little', 'extra', 'curvy', 'build', 'actively', 'trying', 'change', 'precised', 'half', 'stone', 'stone', 'currently', 'fat', 'gut', 'lads', 'get', 'first', 'long', 'brown', 'hair', 'blueish', 'eyes', 'learning', 'drive', 'car', 'soon', 'mature', 'student', 'anyone', 'uk', 'basically', 'means', 'older', 'normal', 'students', 'living', 'alone', 'decent', 'student', 'flat', 'start', 'located', 'right', 'city', 'listed', 'interests', 'answers', 'etc', 'etc', 'want', 'know', 'ask', 'interests', 'women', 'age', 'range', 'distance', 'ideally', 'miles', 'due', 'fully', 'license', 'opened', 'miles', 'allow', 'possibilities', 'travelling', 'future', 'body', 'type', 'thin', 'fit', 'average', 'little', 'extra', 'curvy', 'full', 'figured', 'height', 'rest', 'pretty', 'much', 'open', 'say', 'ideal', 'connections', 'yes', 'aware', 'possibly', 'limiting', 'ready', 'would', 'fair', 'someone', 'commit', 'relationship', 'way', 'life', 'right', 'short', 'suicidal', 'mental', 'breakdown', 'lasting', 'years', 'past', 'behind', 'recovering', 'within', 'last', 'year', 'trying', 'piece', 'back', 'life', 'want', 'understandable', 'literally', 'trying', 'friends', 'hook', 'ups', 'something', 'casual', 'yadda', 'yadda', 'state', 'even', 'say', 'desire', 'pursue', 'anything', 'sexual', 'immediately', 'line', 'would', 'still', 'great', 'perfectly', 'fine', 'chat', 'maybe', 'make', 'friend', 'near', 'trying', 'remain', 'honest', 'mature', 'way', 'bid', 'open', 'things', 'see', 'surely', 'want', 'comfortable', 'around', 'ever', 'meet', 'genuine', 'would', 'help', 'make', 'possible', 'hopefully', 'person', 'meet', 'know', 'exactly', 'want', 'fully', 'enjoy', 'time', 'together', 'thing', 'trying', 'sites', 'one', 'currently', 'premium', 'originally', 'god', 'joke', 'month', 'maybe', 'month', 'half', 'attitude', 'remaining', 'honest', 'looking', 'taken', 'particular', 'note', 'anybody', 'interests', 'common', 'ground', 'always', 'helpful', 'right', 'okc', 'well', 'recollection', 'single', 'woman', 'within', 'city', 'one', 'give', 'rough', 'figures', 'london', 'far', 'away', 'city', 'village', 'never', 'heard', 'fake', 'location', 'terms', 'likes', 'anything', 'literally', 'lady', 'london', 'actually', 'spoken', 'little', 'bit', 'currently', 'response', 'online', 'aware', 'factors', 'like', 'life', 'attend', 'fine', 'really', 'applied', 'long', 'wait', 'see', 'nope', 'messages', 'sent', 'yup', 'seems', 'though', 'filters', 'mean', 'nothing', 'okc', 'prime', 'example', 'distance', 'honestly', 'including', 'sites', 'apps', 'thus', 'far', 'really', 'give', 'impression', 'certain', 'grade', 'shall', 'say', 'got', 'chance', 'notion', 'currently', 'feeling', 'like', 'waste', 'time', 'money', 'one', 'case', 'questioning', 'depressing', 'depression', 'might', 'post', 'apps', 'sites', 'relative', 'areas', 'might', 'depends', 'feel', 'currently', 'sit', 'rant', 'plea', 'night', 'idea', 'sites', 'apps', 'far', 'app', 'premium', 'matches', 'response', 'started', 'app', 'b', 'like', 'short', 'chat', 'user', 'deleted', 'app', 'c', 'app', 'app', 'e', 'expired', 'matches', 'app', 'f', 'okc', 'think', 'support', 'give', 'please']",1
1491,0,"['way', 'recover', '']",1
776,0,"['thanks', 'helping', 'find', 'tinder', '']",0
1549,1,"['pictures', 'adult', 'men', 'moms', 'red', 'flag', 'turn', 'another', 'picture', 'due', 'circumstances', 'often', 'times', 'take', 'pictures', 'mom', 'taking', 'crap', 'selfies', 'self', 'conscious', 'assume', 'good', 'use', 'profile']",1
1200,1,"['online', 'dating', 'study', 'hello', 'would', 'interested', 'completing', 'minute', 'anonymous', 'research', 'survey', 'online', 'dating', 'least', 'years', 'age', 'met', 'romantic', 'sexual', 'partner', 'online', 'past', 'years', 'considering', 'would', 'love', 'hear', 'experiences', 'decide', 'participate', 'asked', 'respond', 'series', 'general', 'questions', 'online', 'dating', 'specific', 'questions', 'meeting', 'partner', 'online', 'participation', 'completely', 'voluntary', 'may', 'withdraw', 'time', 'without', 'penalty', 'participating', 'affect', 'relationship', 'unc', 'may', 'benefit', 'participation', 'sharing', 'processing', 'beliefs', 'feelings', 'around', 'online', 'dating', 'alternatively', 'may', 'find', 'distressing', 'share', 'process', 'aspects', 'intimate', 'life', 'self', 'concept', 'protect', 'identity', 'research', 'subject', 'survey', 'responses', 'anonymous', 'ip', 'information', 'stored', 'may', 'enter', 'drawing', 'visa', 'gift', 'cards', 'end', 'survey', 'email', 'addresses', 'used', 'enter', 'drawings', 'linked', 'responses', 'please', 'click', 'link', 'https', 'unc', 'az', 'qualtrics', 'com', 'jfe', 'form', 'sv', 'gugyjjmol', 'https', 'unc', 'az', 'qualtrics', 'com', 'jfe', 'form', 'sv', 'gugyjjmol', 'start', 'would', 'like', 'participate', 'research', 'project', 'reviewed', 'institutional', 'review', 'board', 'research', 'involving', 'human', 'subjects', 'university', 'north', 'carolina', 'chapel', 'hill', 'determined', 'exempted', 'federal', 'human', 'subjects', 'research', 'regulations', 'irb', 'questions', 'concerns', 'study', 'please', 'contact', 'dr', 'dana', 'riger', 'driger', 'unc', 'edu', 'mailto', 'driger', 'unc', 'edu', 'questions', 'unc', 'irb', 'ohre', 'please', 'contact', 'unc', 'ch', 'institutional', 'review', 'board', 'irb', 'subjects', 'unc', 'edu', 'thanks', 'much']",1
606,0,"['natural', 'progression', '']",0
1539,1,"['pay', 'vulnerable', 'experiences', 'okc', 'several', 'years', 'mostly', 'gotten', 'friends', 'similar', 'interests', 'personalities', 'probably', 'mostly', 'listed', 'interests', 'think', 'luck', 'people', 'actually', 'compatible', 'revealed', 'least', 'made', 'profile', 'pretty', 'concise', 'also', 'generally', 'message', 'first', 'notice', 'people', 'always', 'willing', 'message', 'vulnerable', 'reveal', 'specific', 'niche', 'things', 'would', 'turn', 'kinda', 'middle', 'days', 'trying', 'throw', 'obscure', 'interests', 'much', 'alienate', 'people', 'grounds', 'filtered', 'question', 'answers', 'political', 'controversial', 'silly', 'ones', 'answered', 'private', 'also', 'putting', 'keto', 'fasting', 'opting', 'omnivore', 'diet', 'though', 'keto', 'fasting', 'would', 'revealing', 'hardly', 'omnivore', 'lately', 'mostly', 'carnivore', 'would', 'accurate', 'tldr', 'thoughts', 'revealing', 'profile', 'risking', 'filtered', 'vs', 'revealing', 'less', 'catching', 'people', 'prob', 'less', 'common']",1
1094,1,"['feel', 'height', '']",1
84,1,"['ladies', 'okc', 'experience', 'better', 'one', 'reasons', 'cited', 'okc', 'oft', 'lamented', 'changes', 'made', 'site', 'app', 'aimed', 'making', 'okc', 'less', 'exasperating', 'women', 'women', 'used', 'receive', 'boatloads', 'messages', 'heybabewassup', 'overwhelming', 'putting', 'especially', 'new', 'users', 'therefore', 'killing', 'classic', 'messaging', 'sort', 'new', 'etc', 'etc', 'hence', 'question', 'thee', 'ladyfolk', 'whether', 'find', 'okc', 'current', 'avatar', 'actually', 'better', 'unpopular', 'gents', 'asked', 'please', 'share', 'link', 'old', 'thread']",1
1556,1,"['creepy', 'men', 'message', 'women', 'scrabble', 'go', 'app', '']",1
702,1,"['men', 'nice', 'things', '']",1
668,1,"['scared', 'never', 'find', 'love', 'kinky', '']",1
1389,1,"['number', 'like', 'change', 'without', 'reason', 'usually', 'likes', 'free', 'profile', 'pleasantly', 'surprised', 'woke', 'see', 'new', 'likes', 'total', 'answer', 'universe', 'hours', 'back', 'hours', 'later', 'like', 'head', 'tails', 'see', 'number', 'like', 'going', 'common', 'bug']",1
1582,1,"['hmmm', '']",1
536,0,"['would', 'anyone', 'interested', 'seeing', 'collage', 'women', 'posing', 'fish', 'every', 'th', 'profile', 'see', 'woman', 'posing', 'fish', 'find', 'ironic', 'every', 'th', 'profile', 'woman', 'complaining', 'guys', 'posing', 'fish', 'thought', 'would', 'fun', 'share', 'unless', 'everyone', 'already', 'sees', 'knows']",1
684,1,"['realistic', 'standard', 'hold', 'people', 'rhythm', 'contact', 'input', 'wanted', 'expected', 'rate', 'interaction', 'people', 'considered', 'reasonable', 'know', 'everyone', 'busy', 'never', 'expect', 'anyone', 'available', 'time', 'expect', 'real', 'time', 'chats', 'busy', 'want', 'problem', 'find', 'frustrating', 'people', 'simply', 'reply', 'things', 'days', 'especially', 'time', 'sensitive', 'things', 'like', 'setting', 'date', 'call', 'whatever', 'obvious', 'take', 'move', 'actual', 'content', 'interaction', 'indicate', 'communications', 'long', 'enough', 'friendly', 'seemingly', 'interested', 'know', 'seems', 'like', 'many', 'men', 'tell', 'difference', 'putting', 'someone', 'actually', 'seeming', 'interested', 'pretty', 'aware', 'difference', 'yes', 'know', 'saying', 'probably', 'makes', 'look', 'like', 'anyway', 'let', 'leave', 'judgement', 'assume', 'anyone', 'really', 'reply', 'within', 'day', 'two', 'really', 'interested', 'even', 'date', 'seem', 'like', 'really', 'enjoyed', 'said', 'something', 'respond', 'planning', 'next', 'date', 'days', 'sometimes', 'weeks', 'said', 'really', 'enjoy', 'spending', 'time', 'try', 'initiate', 'date', 'kinda', 'dodge', 'around', 'trouble', 'reading', 'mixed', 'signals', 'mixed', 'signals', 'used', 'faster', 'pace', 'intimacy', 'people', 'world', 'women', 'running', 'different', 'rhythm', 'reading', 'correct', 'signals', 'aware', 'women', 'get', 'inundated', 'matches', 'fending', 'men', 'ask', 'hour', 'day', 'something', 'week', 'without', 'reply', 'seems', 'like', 'care', 'also', 'flood', 'reply', 'message', 'fine', 'leave', 'oh', 'matters', 'open', 'polyamorous', 'stated', 'profile', 'already', 'severely', 'limits', 'matching', 'potential']",1
179,1,"['said', 'matched', 'girl', 'okcupid', 'pretty', 'soon', 'talking', 'app', 'got', 'number', 'hit', 'started', 'talking', 'talking', 'hooking', 'told', 'actually', 'point', 'deleted', 'blocked', 'reported', 'minor', 'okcupid', 'never', 'sent', 'selfie', 'dick', 'pic', 'even', 'though', 'asked', 'send', 'selfie', 'pic', 'bikini', 'nude', 'tho', 'never', 'asked', 'anything']",1
1414,0,"['tinder', 'much', 'easier', 'looking', 'men', 'bi', 'discussion', 'partially', 'closetet', 'bi', 'parents', 'professional', 'surroundings', 'know', 'open', 'towards', 'close', 'friends', 'know', 'trust', 'recently', 'mustered', 'courage', 'try', 'sex', 'dating', 'thus', 'changed', 'tinder', 'filter', 'also', 'show', 'guys', 'first', 'step', 'boy', 'oh', 'boy', 'different', 'experience', 'straight', 'filter', 'get', 'maybe', 'match', 'every', 'day', 'every', 'day', 'complaining', 'aside', 'usual', 'cases', 'ghosting', 'got', 'know', 'women', 'feel', 'like', 'genuinely', 'vibing', 'text', 'scored', 'date', 'think', 'might', 'able', 'take', 'things', 'next', 'couple', 'weeks', 'gay', 'filter', 'able', 'easily', 'get', 'matches', 'per', 'day', 'based', 'likes', 'picky', 'like', 'wtf', 'make', 'similar', 'experiences', 'think', 'attractiveness', 'perceived', 'differently', 'two', 'demographics', 'sex', 'dating', 'generally', 'open', 'counter', 'reaction', 'pressure', 'society', 'putting', 'community', 'experiences', 'bi', 'women', 'tinder', 'regarding', 'let', 'discuss']",1
81,1,"['country', 'would', 'easiest', 'hook', 'girls', 'asian', 'man', 'countries', 'found', 'philippines', 'thailand', 'easiest', 'country', 'get', 'hook', 'brazil', 'higher', 'chance', 'getting', 'hook', 'compared', 'countries', 'american', 'continent', 'philippines', 'thailand', 'brazil', 'know', 'european', 'countries', 'heard', 'positive', 'things', 'uzbekistan', 'kyrgyzstan', 'kazhakstan', 'ideas', 'live', 'canada', 'way', 'find', 'canada', 'one', 'worst', 'countries', 'asian', 'man', 'get', 'hook', 'surprisingly', 'usa', 'better', 'asian', 'man', 'much']",1
1456,1,"['profile', 'liked', 'messaged', 'yesterday', 'disappeared', 'people', 'like', 'tab', 'still', 'fully', 'access', 'profile', 'via', 'browser', 'history', 'mean', 'blocked', 'assume', 'able', 'still', 'access', 'profile', 'clicking', 'page', 'browser', 'history', 'unless', 'okcupid', 'really', 'fucked', 'message', 'still', 'well']",1
1170,0,"['might', 'wanna', 'get', 'checked', '']",1
1192,1,"['heartbreaking', 'success', 'okcupid', 'years', 'ago', 'met', 'wonderful', 'polish', 'woman', 'okcupid', 'visited', 'malaysia', 'poland', 'spent', 'happiest', 'years', 'together', 'even', 'tiny', 'argument', 'make', 'sure', 'tell', 'love', 'everyday', 'covid', 'hit', 'started', 'question', 'end', 'long', 'distance', 'stay', 'somewhere', 'together', 'determined', 'build', 'company', 'china', 'dream', 'meeting', 'kept', 'going', 'seemed', 'open', 'idea', 'however', 'stressed', 'much', 'friends', 'family', 'poland', 'want', 'go', 'far', 'europe', 'somewhere', 'friends', 'family', 'total', 'stranger', 'language', 'culture', 'lifestyles', 'understand', 'love', 'dearly', 'life', 'long', 'dream', 'give', 'let', 'give', 'decided', 'time', 'end', 'relationship', 'mature', 'one', 'making', 'decision', 'build', 'lives', 'together', 'ultimately', 'hinder', 'relationship', 'stupidly', 'bought', 'month', 'list', 'okcupid', 'hoping', 'find', 'someone', 'asap', 'notice', 'passing', 'almost', 'everyone', 'matter', 'great', 'women', 'okcupid', 'still', 'love', 'much', 'heart', 'still', 'love', 'countless', 'sleepless', 'night', 'reliving', 'precious', 'part', 'memory', 'dare', 'bother', 'anymore', 'makes', 'even', 'sadder', 'way', 'feel', 'little', 'relieve', 'know', 'living', 'better', 'happier', 'life', 'k', 'still', 'love', 'much', 'miss', 'much', 'tried', 'could', 'never', 'forget', 'smile', 'p', 'sorry', 'guys', 'feels', 'much', 'better', 'let']",1
705,1,"['person', 'met', 'okc', 'asked', 'relationship', 'hours', 'wth', 'person', 'late', 'f', 'messaged', 'mid', 'f', 'okc', 'talked', 'lonely', 'relate', 'harm', 'kind', 'casual', 'conversation', 'food', 'asking', 'starts', 'implying', 'comparable', 'next', 'day', 'asks', 'girlfriend', 'question', 'new', 'dating', 'online', 'really', 'dont', 'much', 'dating', 'experience', 'general', 'sounds', 'like', 'person', 'wants', 'feeling', 'relationship', 'without', 'getting', 'know', 'trust', 'stuff', 'think', 'usually', 'comes', 'missing', 'something', 'might', 'also', 'venting', 'tiny', 'bit']",1
494,1,"['feel', 'fortnite', '']",1
9,1,"['reeeeeeeeeee', '']",1
984,0,"['years', 'us', 'meeting', 'tinder', 'said', 'yesssss', '']",0
1592,1,"['umm', 'know', 'specific', 'workout', 'improve', 'sex', 'life', '']",1
1163,1,"['cj', 'life', 'changing', 'item', 'buy', 'less', '']",1
626,1,"['love', 'spectrum', 'dating', 'show', 'celebrates', 'autism', '']",1
1121,0,"['silly', 'girl', '']",1
538,0,"['shooters', 'shoot', '']",1
856,1,"['cj', 'weekend', '']",1
487,0,"['oh', '']",0
251,0,"['got', 'match', 'today', '']",0
590,1,"['deal', 'agreeing', 'date', 'ghosting', 'cancelling', 'day', 'happened', 'last', 'oh', 'three', 'women', 'talked', 'near', 'beginning', 'year', 'talking', 'woman', 'seemed', 'getting', 'well', 'via', 'okc', 'messages', 'asked', 'agreed', 'scheduled', 'time', 'place', 'day', 'supposed', 'meet', 'account', 'gone', 'foolishly', 'gotten', 'number', 'next', 'day', 'account', 'reappeared', 'asked', 'happened', 'said', 'uncomfortable', 'dating', 'someone', 'younger', 'kind', 'seems', 'like', 'bs', 'mind', 'hardly', 'seems', 'like', 'significant', 'age', 'difference', 'whatever', 'month', 'later', 'talking', 'someone', 'else', 'meet', 'coffee', 'covid', 'great', 'conversation', 'texted', 'first', 'later', 'evening', 'asked', 'second', 'date', 'agreed', 'day', 'supposed', 'meet', 'respond', 'confirmation', 'message', 'next', 'morning', 'said', 'something', 'along', 'lines', 'actually', 'ready', 'relationship', 'joining', 'okcupid', 'premature', 'whatever', 'means', 'month', 'talking', 'someone', 'else', 'two', 'video', 'chat', 'dates', 'thought', 'went', 'well', 'end', 'first', 'one', 'suggested', 'talk', 'end', 'second', 'one', 'acted', 'surprised', 'seen', 'talking', 'two', 'hours', 'said', 'thought', 'talking', 'minutes', 'agreed', 'person', 'outdoor', 'socially', 'distant', 'date', 'two', 'days', 'date', 'messaged', 'confirm', 'said', 'might', 'able', 'day', 'scheduled', 'would', 'definitely', 'let', 'know', 'tomorrow', 'never', 'heard', 'back', 'day', 'supposed', 'meet', 'blocked', 'absolutely', 'explanation', 'normal', 'okcupid', 'years', 'much', 'luck', 'past', 'women', 'generally', 'said', 'sorry', 'really', 'feeling', 'something', 'first', 'date', 'ghosted', 'talking', 'second', 'fair', 'enough', 'get', 'whole', 'agreeing', 'date', 'cancelling', 'totally', 'ghosting', 'day', 'driving', 'nuts', 'amp', 'x', 'b', 'edit', 'weird', 'turns', 'recent', 'one', 'block', 'far', 'tell', 'actually', 'deleted', 'account', 'assumed', 'blocked', 'clicked', 'messages', 'button', 'conversation', 'gone', 'morning', 'whim', 'clicked', 'old', 'conversations', 'conversation', 'click', 'still', 'see', 'old', 'messages', 'profile', 'pic', 'gone', 'bottom', 'says', 'name', 'longer', 'account', 'guessing', 'maybe', 'kind', 'anxiety', 'thing', 'case', 'know', 'someone', 'flaky', 'got', 'better', 'offer', 'would', 'straight', 'delete', 'account']",1
354,1,"['cj', 'consider', 'better', 'sex', '']",1
982,1,"['give', 'met', 'little', 'week', 'ago', 'hit', 'really', 'well', 'chatting', 'gave', 'number', 'started', 'texting', 'excited', 'texted', 'first', 'couple', 'times', 'making', 'think', 'plan', 'kind', 'video', 'chat', 'date', 'tomorrow', 'worried', 'talking', 'less', 'responses', 'lot', 'smaller', 'asking', 'anything', 'anymore', 'asked', 'video', 'chat', 'last', 'weekend', 'said', 'week', 'asked', 'wednesday', 'wanted', 'push', 'weekend', 'sort', 'gut', 'feeling', 'gonna', 'try', 'flake', 'stick', 'normal', 'guy', 'always', 'texts', 'first', 'one', 'keep', 'conversation', 'flowing', 'postpones', 'tomorrow', 'end']",1
213,0,"['call', 'romeo', '']",1
106,1,"['guys', 'usually', 'search', 'matches', 'click', 'nobody', 'months', 'sure', 'looking', 'right', 'place', 'wondering', 'gals', 'guys']",1
826,0,"['pretty', 'sure', 'solid', 'bio', 'correct', '']",0
100,0,"['even', 'religious', '']",1
1229,0,"['hello', 'darkness', 'old', 'friend', '']",1
1070,0,"['grandchildren', 'ask', 'pandemic', 'dating', 'like', '']",1
394,0,"['cityboy', 'vs', 'cowgirl', '']",0
967,1,"['general', 'discussion', 'august', 'deal', 'point', 'place', 'discuss', 'non', 'dating', 'lives', 'anything', 'everything', 'unrelated', 'romance', 'save', 'story', 'time', 'sunday', 'fine', 'print', 'course', 'things', 'banned', 'sidebar', 'http', 'www', 'reddit', 'com', 'r', 'okcupid', 'wiki', 'rules', 'still', 'go', 'remember', 'hourly', 'general', 'discussion', 'needs', 'hop', 'r', 'okcupid', 'irc', 'chat', 'https', 'kiwiirc', 'com', 'client', 'irc', 'freenode', 'net', 'okchat']",1
1602,0,"['rate', 'profile', '']",1
59,1,"['mouli', 'suggest', 'name', 'pun', 'bois', 'help', 'brother', '']",0
211,1,"['attract', 'obese', 'overfat', 'women', 'nothing', 'obese', 'people', 'body', 'choice', 'life', 'find', 'attracted', 'bigger', 'women', 'attracted', 'thinner', 'normal', 'weight', 'girls', 'yet', 'okc', 'another', 'dating', 'site', 'girls', 'ever', 'get', 'attention', 'obese', 'overweight', 'overweight', 'work', 'big', 'muscular', 'pretty', 'healthy', 'guy', 'lbs', 'bodyfat', 'say', 'face', 'average', 'understand', 'women', 'men', 'judging', 'attractiveness', 'opposite', 'sex', 'man', 'find', 'slim', 'average', 'woman', 'attractive', 'men', 'value', 'slimness', 'highly', 'large', 'number', 'women', 'find', 'slim', 'average', 'man', 'attractive', 'things', 'like', 'height', 'facial', 'masculinity', 'important', 'women', 'maybe', 'face', 'hot', 'ft', 'slightly', 'receeding', 'hairline', 'reason', 'makes', 'obtainable', 'obese', 'women', 'eyes', 'see', 'flaws', 'somehow', 'equal', 'flaw', 'obesity', 'dunno', 'psychologist', 'maybe', 'women', 'think', 'like', 'anything', 'attract', 'type', 'woman', 'feel', 'getting', 'anywhere', 'okc', 'year', 'dates']",1
320,1,"['disco', 'talents', 'abilities', 'know', 'random', 'talents', 'realize', 'later', 'life']",1
184,1,"['men', 'feel', 'women', 'date', 'men', 'significantly', 'older', 'women', 'feel', 'men', 'date', 'women', 'significantly', 'younger', '']",1
972,1,"['anyone', 'else', 'get', 'match', 'week', 'okcupid', 'hello', 'decent', 'looking', 'f', 'joined', 'oic', 'filled', 'entire', 'profile', 'added', 'like', 'good', 'pics', 'first', 'time', 'using', 'since', 'made', 'changes', 'works', 'okc', 'week', 'single', 'match', 'message', 'anyone', 'else', 'experienced', 'kinda', 'surprised']",1
871,0,"['tinder', 'right', '']",0
65,1,"['right', '']",0
592,0,"['kelpy', 'g', 'idk', '']",0
817,0,"['bring', 'glass', 'water', 'replies', 'drier', 'sahara', 'thought', 'unsocial', '']",0
785,1,"['cj', 'disco', 'good', 'things', 'men', 'r', 'okcupid', 'society', 'whole', 'spends', 'lot', 'time', 'criticising', 'talking', 'badly', 'men', 'thought', 'would', 'nice', 'change', 'focus', 'positive', 'good', 'things', 'men', 'like']",1
1480,0,"['redo', 'account', 'recently', 'restarted', 'account', 'multiple', 'times', 'getting', 'likes', 'one', 'night', 'decided', 'delete', 'noticed', 'stopped', 'getting', 'matches', 'got', 'gold', 'got', 'plus', 'question', 'ditch', 'shit', 'good', 'wait', 'gold', 'subscription', 'runs', 'redownload', 'go', 'right', 'back', 'creating', 'another', 'account', 'sticking']",0
1337,0,"['reply', 'usual', 'week', 'probably', 'question', '']",1
1513,1,"['success', 'okcupid', 'something', 'wrong', 'profile', 'https', 'imgur', 'com', 'djbn', 'h']",1
956,0,"['lost', 'matches', 'tinder', 'used', 'losing', 'matches', 'ik', 'people', 'simply', 'unmatch', 'lose', 'interest', 'delete', 'accounts', 'today', 'tinder', 'went', 'matches', 'matches', 'people', 'talked', 'recently', 'vanished', 'wtf', 'happened', 'anyone', 'else', 'issue']",0
555,0,"['different', 'tinder', 'whatsup', '']",0
903,0,"['every', 'thread', '']",1
1598,1,"['stop', 'horny', 'time', '']",1
1378,0,"['photo', 'quality', 'bad', 'upload', 'picture', 'tinder', 'ruins', 'photo', 'quality', 'makes', 'sense', 'people', 'able', 'upload', 'pictures', 'tinder', 'right', 'phone', 'ruin', 'quality', 'pictures', 'see', 'people', 'online', 'using', 'dslr', 'cameras', 'able', 'upload', 'high', 'quality', 'pictures', 'fix', 'https', 'tinder', 'com', 'aqwdqw', 'https', 'tinder', 'com', 'aqwdqw']",0
1146,1,"['cj', 'attract', '']",1
1339,1,"['people', 'used', 'break', 'lines', 'instead', 'pick', 'lines', 'would', '']",1
140,1,"['feel', 'friend', 'benefits', 'instead', 'sexual', 'benefits', 'cuddling', '']",1
1425,1,"['catering', 'handy', 'folk', 'missing', 'something', '']",1
1547,0,"['jack', 'one', 'trade', '']",0
1588,1,"['change', 'okcupid', 'kind', 'frustrating', 'tried', 'make', 'much', 'like', 'tinder', 'possible', 'whole', 'appeal', 'okcupid', 'like', 'typical', 'swipe', 'right', 'dating', 'apps', 'could', 'actually', 'search', 'specific', 'types', 'people', 'see', 'instantly', 'dating', 'pool', 'like', 'deal', 'buggy', 'swiping', 'system', 'influence', 'adding', 'preferences', 'makes', 'harder', 'see', 'dating', 'pool', 'like', 'instant', 'way', 'know', 'many', 'people', 'looking', 'manually', 'sit', 'swipe', 'like', 'anyone', 'actually', 'prefer', 'system', 'anyone', 'enjoying', 'access', 'useful', 'information', 'seriously', 'reduced', 'ughh', 'rant']",1
528,1,"['female', 'friends', 'ask', 'one', 'use', 'dating', 'app', 'experiment', 'look', 'dating', 'profiles', 'lot', 'guys', 'notice', 'vast', 'majority', 'written', 'fucking', 'go', 'rewrite', 'profile', 'differently']",1
780,1,"['new', 'okcupid', 'suggestions', 'best', 'ways', 'get', 'matched', 'also', 'many', 'likes', 'get']",1
1394,0,"['unfortunately', 'peak', '']",0
243,1,"['critique', 'section', 'thursdays', 'got', 'profile', 'section', 'wondering', 'online', 'dating', 'profiles', 'questions', 'pics', 'think', 'could', 'use', 'punch', 'topic', 'regarding', 'online', 'dating', 'profiles', 'place', 'post', 'request', 'feedback', 'remember', 'people', 'profiles', 'view', 'direct', 'links', 'screenshots', 'profile', 'provide', 'responses']",1
433,0,"['text', 'back', '']",1
1395,0,"['tinder', 'plus', 'thinking', 'making', 'tinder', 'account', 'really', 'want', 'many', 'people', 'knowing', 'long', 'story', 'found', 'get', 'tinder', 'plus', 'option', 'show', 'people', 'swipe', 'right', 'questions', 'anyone', 'ever', 'used', 'experienced', 'glitch', 'showed', 'someone', 'never', 'liked', 'managed', 'get', 'match', 'swiping', 'right', 'remember', 'reading', 'someone', 'say', 'happened', 'happens', 'stop', 'paying', 'tinder', 'plus', 'profile', 'automatically', 'start', 'showing', 'everyone', 'thanks', 'advance']",0
1563,0,"['unmatched', '']",0
727,1,"['okc', 'price', 'gouging', 'incredible', 'offer', 'received', 'today', '']",1
1097,1,"['unable', 'sign', 'week', 'reset', 'password', 'idea', '']",1
465,1,"['incorrect', 'matches', 'bug', 'anyone', 'swiped', 'right', 'someone', 'get', 'match', 'someone', 'swiped', 'left', 'happening', 'last', 'days', 'swipe', 'right', 'get', 'match', 'yay', 'see', 'match', 'someone', 'said', 'someone', 'completely', 'different', 'sure', 'expecting', 'guess', 'wonder', 'anyone', 'else', 'experiencing']",1
1438,1,"['phone', 'reverse', 'search', 'one', 'match', 'sure', 'accurate', 'site', 'came', 'back', 'first', 'name', 'still', 'married', 'lied', 'age', 'confront', 'ask', 'cancel', 'date', 'used', 'fastpeoplesearch', 'experience', 'pretty', 'accurate', 'everything', 'lined', 'perfectly', 'result', 'ehh', 'calling', 'date', 'disgusted']",1
459,0,"['walked', 'dates', 'garage', 'look', 'left', 'see', '']",1
174,0,"['full', 'disclosures', '']",1
685,0,"['visibility', 'different', 'age', 'hi', 'got', 'question', 'set', 'looking', 'women', 'age', 'girls', 'example', 'age', 'see', 'profile']",1
1259,0,"['gamer', 'girls', 'man', '']",0
1019,1,"['ahh', '']",1
479,0,"['perfect', 'cause', 'bad', 'everything', '']",0
47,1,"['cj', 'ideal', 'personal', 'preferences', '']",1
194,0,"['help', '']",1
1534,0,"['knows', 'looking', '']",1
423,1,"['free', 'open', 'source', 'alternatives', 'okc', 'sorry', 'repost', 'looking', 'okc', 'clone', 'similar', 'app', 'everyone', 'access', 'list', 'privileges', 'really', 'enjoy', 'okc', 'algorithms', 'currently', 'limited', 'likes', 'feature', 'hampers', 'rate', 'people', 'match', 'yes', 'cheap', 'bastard', 'yes', 'corporations', 'milking', 'profits', 'genuine', 'affiliative', 'human', 'needs', 'could', 'satisfied', 'altruistically', 'anyone', 'familiar', 'ph', 'cms']",1
1127,0,"['cuz', 'whay', 'heros', '']",0
187,1,"['seven', 'ten', 'democrats', 'consider', 'dating', 'trump', 'voter', '']",1
439,1,"['wet', 'ass', 'wednesday', 'got', 'hot', 'new', 'date', 'missing', 'starlight', 'boys', 'bacon', 'croissants', 'making', 'wet', 'lately']",1
1289,0,"['tinder', 'platinum', 'review', 'truth', 'guy', 'obviously', 'made', 'new', 'account', 'bought', 'tinder', 'platinum', 'right', 'away', 'day', 'matches', 'day', 'matches', 'day', 'far', 'matches', 'yea', 'basically', 'gold', 'marked', 'price', 'superlike', 'messaging', 'feature', 'change', 'much', 'either', 'sent', 'got', 'one', 'match', 'priority', 'likes', 'seemed', 'working', 'really', 'hot', 'girls', 'swiping', 'matching', 'day', 'fully', 'stopped', 'already', 'getting', 'consistent', 'matches', 'dates', 'tinder', 'without', 'subscription', 'go', 'otherwise', 'change', 'much', 'truth', 'come', 'realize', 'tinder', 'works', 'got', 'european', 'pretty', 'boy', 'look', 'write', 'height', 'bio', 'consider', 'pretty', 'good', 'looking', 'thousands', 'good', 'looking', 'guys', 'little', 'reason', 'swipe', 'right', 'unless', 'men', 'ask', 'girl', 'chance', 'matching', 'anyone', 'swipe', 'swipe', 'hundreds', 'guaranteed', 'match', 'specially', 'truth', 'year', 'old', 'range', 'girls', 'care', 'looks', 'status', 'friends', 'get', 'matches', 'per', 'week', 'abs', 'oh', 'forget', 'chiseled', 'jawline', 'love', 'tinder', 'get', 'lays', 'per', 'week', 'used', 'put', 'alot', 'effort', 'bios', 'shit', 'friends', 'get', 'craziest', 'results', 'literally', 'height', 'flag', 'country', 'thats', 'realized', 'maybe', 'factors', 'matter', 'none', 'witty', 'bio', 'swipe', 'percentage', 'peak', 'hours', 'stuff', 'dont', 'want', 'sound', 'like', 'angry', 'simp', 'observations', 'truth', 'subscription', 'going', 'change', 'either', 'self', 'improve', 'like', 'crazy', 'approach', 'irl']",0
1022,0,"['mine', '']",0
11,1,"['dating', 'seem', 'bleak', 'gotten', 'fine', 'long', 'single', 'think', 'dating', 'seems', 'extremely', 'miserable', 'whether', 'people', 'experiences', 'general', 'dating', 'culture', 'today', 'rarely', 'ever', 'see', 'hear', 'good', 'things', 'coming', 'stay', 'positive', 'especially', 'seems', 'like', 'people', 'hate']",1
628,0,"['hey', 'jude', '']",0
70,1,"['rant', 'wednesday', 'september', 'last', 'messages', 'ignored', 'okcupid', 'leading', 'question', 'self', 'worth', 'asshole', 'coworker', 'keeps', 'leaving', 'empty', 'starbucks', 'cups', 'desk', 'somehow', 'land', 'promotion', 'faded', 'totally', 'hot', 'dude', 'clearly', 'idea', 'faded', 'let', 'caps', 'anger']",1
1434,0,"['boys', 'think', 'found', 'winning', 'formula', '']",0
231,0,"['hurt', '']",1
944,1,"['people', 'caught', 'sex', 'parents', 'like', '']",1
56,0,"['god', 'work', '']",1
448,0,"['big', 'oof', 'tinders', 'part', 'anyone', 'else', 'able', 'get', 'email', 'number', 'set', 'gettings', 'sms', 'whenever', 'sign', 'past', 'year', 'half', 'yet', 'today', 'try', 'sign', 'sms', 'coming', 'try', 'sign', 'email', 'nothing', 'happens', 'needs', 'sms', 'sent', 'big', 'wtf', 'ive', 'never', 'happen']",1
641,0,"['plankton', 'voice', 'think', 'get', 'far', '']",0
634,1,"['people', 'liked', 'swear', 'go', 'basic', 'instructions', 'tried', 'google', 'answer', 'seeing', 'place', 'list', 'people', 'liked', 'tried', 'phone', 'pc', 'could', 'someone', 'point', 'right', 'direction', 'sounds', 'like', 'still', 'thing', 'exists', 'find', 'please', 'nice', 'new']",1
180,1,"['see', 'likes', 'missing', 'something', 'reason', 'everyone', 'keeps', 'saying', 'see', 'likes', 'message', 'profile', 'people', 'like', 'get', 'pushed', 'front', 'queue', 'double', 'takes']",1
905,1,"['general', 'discussion', 'august', 'deal', 'point', 'place', 'discuss', 'non', 'dating', 'lives', 'anything', 'everything', 'unrelated', 'romance', 'save', 'story', 'time', 'sunday', 'fine', 'print', 'course', 'things', 'banned', 'sidebar', 'http', 'www', 'reddit', 'com', 'r', 'okcupid', 'wiki', 'rules', 'still', 'go', 'remember', 'hourly', 'general', 'discussion', 'needs', 'hop', 'r', 'okcupid', 'irc', 'chat', 'https', 'kiwiirc', 'com', 'client', 'irc', 'freenode', 'net', 'okchat']",1
652,1,"['cj', 'wish', 'people', 'understood', '']",1
729,1,"['cj', 'appears', 'romantic', 'movies', 'hardly', 'real', 'life', '']",1
1355,0,"['got', 'new', 'chair', '']",1
321,0,"['hard', 'get', 'decent', 'day', 'days', '']",1
484,1,"['showing', 'people', 'swipe', 'right', 'someone', 'see', 'feed', 'minutes', 'later', 'means', 'swiped', 'left', 'right', 'hell', 'get', 'shown']",0
1210,1,"['low', 'resolution', 'photos', 'even', 'though', 'high', 'quality', 'okc', 'app', 'got', 'photos', 'profile', 'look', 'abysmally', 'low', 'quality', 'semi', 'pixelated', 'despite', 'high', 'quality', 'photos', 'taken', 'actual', 'camera', 'phone', 'gallery', 'thought', 'first', 'might', 'like', 'tinder', 'profile', 'issue', 'lowering', 'quality', 'profile', 'photos', 'people', 'swipe', 'immaculate', 'looking', 'photos', 'seem', 'issue', 'also', 'crop', 'photos', 'square', 'thing', 'see', 'profiles', 'different', 'sized', 'photos', 'things', 'like', 'bothered', 'enough', 'look', 'online', 'instead', 'app', 'photos', 'seem', 'alright', 'missing', 'something']",1
902,0,"['another', 'w', 'motherland', 'comrades', '']",1
940,0,"['something', 'something', 'witty', 'something', 'something', 'yes', 'please', '']",1
912,1,"['asked', 'men', 'describe', 'exactly', 'blowjob', 'feels', 'like', '']",0
74,0,"['common', 'problem', '']",1
850,0,"['tinder', 'ban', 'accounts', 'mentioning', 'instagram', 'hear', 'way', 'tinder', 'bans', 'accounts', 'mention', 'websites', 'onlyfans', 'put', 'instagram', 'usernames', 'bios', 'especially', 'bio', 'literally', 'ig', 'username', 'app', 'become', 'breeding', 'ground', 'validation', 'seeking', 'bimbos', 'looking', 'gain', 'instagram', 'followers', 'even', 'intend', 'following', 'back', 'instead', 'actually', 'using', 'app', 'original', 'purpose', 'dating', 'already', 'way', 'integrate', 'instagram', 'profile', 'tinder', 'already', 'hides', 'username', 'obviously', 'problem', 'females', 'tinder', 'date', 'also', 'wanted', 'ig', 'profile', 'without', 'random', 'dudes', 'match', 'following']",0
1536,0,"['guessing', 'gonna', 'hard', 'time', 'finding', 'someone', 'turns', 'laugh', 'finding', 'career', '']",1
782,0,"['shadow', 'banned', 'made', 'tinder', 'days', 'ago', 'managed', 'rack', 'matches', 'consistently', 'getting', 'new', 'likes', 'matches', 'everyday', 'literally', 'stopped', 'getting', 'matches', 'likes', 'yesterday', 'messaged', 'one', 'matches', 'said', 'get', 'notification', 'messaged', 'way', 'fix', 'permanent', 'thanks']",0
1431,1,"['often', 'think', 'women', 'see', 'title']",1
421,0,"['bro', 'code', 'exist', 'tinder', 'found', 'profile', 'girl', 'know', 'relationship', 'co', 'worker', 'question', 'uphold', 'bro', 'code', 'know', 'relationship', 'dynamic', 'guys', 'get', 'edit', 'messaged', 'put', 'shit', 'lockdown', 'incase', 'crazy', 'edit', 'responded', 'explain', 'situation', 'brother', 'got', 'hit', 'f']",0
1126,1,"['feel', 'cats', '']",1
1521,0,"['think', 'makes', 'good', 'tinder', 'profile', 'pic', '']",0
372,0,"['people', 'got', 'banned', 'reason', 'luck', 'ever', 'getting', 'unbanned', 'got', 'banned', 'apparent', 'reason', 'tried', 'times', 'get', 'unbanned', 'tell', 'fuck', 'anyone', 'actually', 'luck', 'getting', 'unbanned']",0
305,0,"['well', 'ignore', 'question', '']",0
1189,1,"['crush', 'neighbor', 'know', 'talk', 'crushing', 'neighbor', 'lives', 'street', 'houses', 'really', 'wanna', 'talk', 'shy', 'talk', 'person', 'top', 'barely', 'see', 'whenever', 'walking', 'dog', 'mom', 'thinking', 'messaging', 'instagram', 'next', 'time', 'posts', 'pic', 'story', 'start', 'convo', 'like', 'followed', 'insta', 'like', 'months', 'ago', 'follow', 'back', 'would', 'find', 'weird', 'neighbor', 'messaged', 'keep', 'mind', 'never', 'really', 'talked', 'person', 'common', 'interests', 'see', 'looking', 'insta', 'years', 'old', 'tips']",1
1519,1,"['looking', 'get', 'photographer', 'take', 'pictures', 'dating', 'profile', 'suggestions', 'tips', 'break', 'earlier', 'month', 'getting', 'ready', 'go', 'back', 'online', 'dating', 'year', 'hiatus', 'think', 'average', 'looking', 'maybe', 'slightly', 'average', 'early', 'male', 'interests', 'guitar', 'motorcycles', 'design', 'online', 'dating', 'experience', 'got', 'average', 'matches', 'week', 'always', 'thought', 'professional', 'grade', 'photos', 'would', 'increase', 'matches', 'planning', 'time', 'around', 'friend', 'amateur', 'photographer', 'really', 'talent', 'behind', 'camera', 'offered', 'help', 'take', 'pictures', 'using', 'cameras', 'rather', 'shitty', 'iphone', 'said', 'tips', 'suggestions', 'may', 'interesting', 'attractive', 'pictures', 'best', 'take', 'advantage', 'want', 'make', 'seem', 'like', 'obviously', 'photoshoot', 'either']",1
1226,1,"['people', 'showing', 'double', 'take', 'discover', 'reason', 'profiles', 'show', 'doubletake', 'tab', 'discover', 'example', 'seeing', 'profiles', 'recommended', 'high', 'match', 'percentage', 'appear', 'highest', 'match', 'section', 'discover', 'tab', 'far', 'know', 'meet', 'criteria', 'excluding', 'either', 'mean', 'already', 'passed', 'profile', 'hidden', 'discover', 'discover', 'tab', 'deliberately', 'hide', 'people', 'encourage', 'use', 'doubletake', 'section']",1
588,1,"['use', 'dating', 'apps', 'treated', 'free', 'dinners', 'never', 'feel', 'guilty', '']",1
242,0,"['people', 'found', 'significant', 'others', '']",1
280,1,"['tinder', 'officially', 'better', 'added', 'recent', 'activity', 'dot', 'okc', 'removed', 'respective', 'feature']",1
241,1,"['offering', 'walk', 'somebody', 'front', 'door', 'dropping', 'women', 'date', 'walk', 'front', 'door', 'talking', 'dates', 'asking', 'friend', 'mine', 'gave', 'different', 'perspective', 'yesterday', 'explained', 'already', 'hard', 'enough', 'getting', 'somebody', 'else', 'car', 'said', 'make', 'feel', 'uneasy', 'somebody', 'knows', 'lives', 'pressure', 'may', 'expecting', 'something', 'curious', 'people', 'similar', 'thoughts', 'relate']",1
1404,1,"['cj', 'wins', 'day', 'going', 'life', 'proud', 'need', 'positivity', 'dammit']",1
1612,0,"['bathroom', 'tiles', 'looking', 'little', 'crooked', '']",1
1613,0,"['oh', 'okay', '']",0
860,0,"['hey', 'girls', '']",0
8,1,"['edging', 'actually', 'help', 'last', 'longer', 'bed', '']",1
1190,1,"['always', 'nice', 'see', 'familiar', 'face', '']",1
1450,1,"['delete', 'account', 'middle', 'profile', 'setup', 'process', 'hi', 'anyone', 'know', 'delete', 'account', 'even', 'finished', 'profile', 'got', 'point', 'introduce', 'short', 'summary', 'part', 'regretted', 'opening', 'profile', 'hit', 'back', 'reverse', 'process', 'middle', 'however', 'reached', 'ideal', 'person', 'connections', 'looking', 'part', 'back', 'option', 'interesting', 'got', 'emails', 'saying', 'someone', 'liked', 'amp', 'messaged', 'possible', 'even', 'finished', 'profile', 'even', 'approved', 'importantly', 'even', 'delete', 'app', 'let', 'go', 'back', 'option', 'suppose', 'final', 'option', 'would', 'set', 'immediately', 'delete', 'want', 'even', 'minute', 'give', 'reversal', 'option']",1
1130,0,"['caught', 'one', '']",0
1286,0,"['show', 'despite', 'gender', 'preference', 'set', 'preference', 'men', 'still', 'show', 'women', 'set', 'everyone', 'show', 'everybody']",1
1470,0,"['time', 'tinder', 'holiday', 'matches', 'plan', 'b', 'pills', 'stay', 'prepared', 'ladies', '']",0
1037,1,"['girlfriend', 'insistent', 'prostate', 'play', 'making', 'uncomfortable', '']",1
1499,1,"['missing', 'used', 'love', 'okc', 'several', 'years', 'ago', 'like', 'bad', 'mobile', 'game', 'wait', 'hours', 'anything', 'search', 'sort', 'options', 'seemingly', 'like', 'people', 'every', 'hours', 'means', 'take', 'ages', 'go', 'people', 'age', 'area', 'order', 'message', 'someone', 'like', 'first', 'used', 'ten', 'likes', 'screwed', 'hours', 'hard', 'time', 'finding', 'amp', 'x', 'b', 'plus', 'keep', 'telling', 'likes', 'cool', 'basically', 'paid', 'site', 'honestly', 'even', 'worth']",1
341,1,"['good', 'quarantine', 'first', 'date', 'ideas', 'sort', 'person', 'enjoyed', 'bringing', 'date', 'somewhere', 'special', 'museums', 'points', 'interest', 'places', 'eat', 'ect', 'feels', 'like', 'option', 'hiking', 'maybe', 'suck', 'anyone', 'else', 'creative', 'ideas', 'really', 'fan', 'whole', 'cutesy', 'remote', 'scene']",0
307,0,"['mean', 'guy', 'taking', 'piss', 'background', 'reason', 'swiped', 'right', '']",0
1139,0,"['taco', 'bout', 'opener', '']",1
429,0,"['swing', 'miss', 'think', 'lol', '']",1
391,1,"['swiping', 'along', '']",1
807,1,"['fashion', 'friday', 'got', 'sexy', 'new', 'pair', 'jeans', 'unsure', 'button', 'shirt', 'appropriate', 'picnic', 'date', 'want', 'show', 'espadrilles', 'post', 'please', 'sure', 'include', 'ccw', 'want', 'constructive', 'criticism']",1
126,1,"['new', 'okc', 'question', 'fly', 'landed', 'drink', 'let', 'say', 'price', 'point', 'even', 'drink', 'glass', 'wine', 'bottle', 'would', 'new', 'mean', 'one', 'proposing', 'actual', 'new', 'one', 'view', 'poll', 'https', 'www', 'reddit', 'com', 'poll', 'hvgfut']",1
1311,1,"['bug', 'missing', 'something', 'started', 'using', 'okc', 'today', 'lil', 'confused', 'things', 'happening', 'looking', 'profile', 'guy', 'let', 'call', 'adam', 'liked', 'profile', 'upon', 'liking', 'got', 'pop', 'saying', 'congrats', 'liked', 'someone', 'also', 'liked', 'send', 'message', 'bobby', 'never', 'seen', 'bobby', 'dismissed', 'popup', 'bobby', 'profile', 'next', 'queue', 'little', 'bit', 'later', 'happened', 'second', 'time', 'liked', 'guy', 'profile', 'got', 'celebration', 'popup', 'telling', 'matched', 'someone', 'guy', 'b', 'never', 'seen', 'guy', 'b', 'profile', 'next', 'one', 'gave', 'weirded', 'little', 'bit', 'put', 'phone', 'checked', 'app', 'told', 'connected', 'guy', 'recollection', 'seeing', 'also', 'interest', 'amp', 'x', 'b', 'feels', 'like', 'kind', 'bug', 'like', 'matched', 'guy', 'successfully', 'connected', 'wrong', 'person', 'curious', 'thing', 'happens', 'explanation', 'behind', 'make', 'feel', 'silly']",1
1373,1,"['let', 'go', 'illegally', 'open', 'bar', 'pandemic', 'tonight', '']",1
10,1,"['feel', 'parental', 'leave', 'country', '']",1
1433,1,"['right', 'swipe', 'ex', 'asking', 'friend']",0
1249,1,"['advice', 'guys', 'please', 'okcupid', 'years', 'couple', 'unsuccessful', 'relationships', 'time', 'single', 'ready', 'try', 'find', 'person', 'experience', 'times', 'intros', 'get', 'people', 'definitely', 'interested', 'offer', 'intro', 'interested', 'either', 'get', 'response', 'fine', 'assume', 'interested', 'b', 'get', 'match', 'responses', 'back', 'despite', 'c', 'common', 'exchange', 'messages', 'stop', 'talking', 'suddenly', 'unmatch', 'situation', 'annoying', 'ok', 'whatever', 'fast', 'forward', 'yesterday', 'found', 'someone', 'interested', 'sent', 'intro', 'hour', 'later', 'matched', 'today', 'hours', 'since', 'still', 'response', 'fine', 'realize', 'people', 'things', 'going', 'big', 'deal', 'question', 'guys', 'though', 'leave', 'alone', 'see', 'eventually', 'get', 'response', 'wait', 'certain', 'amount', 'time', 'send', 'another', 'message', 'want', 'come', 'pushy', 'needy', 'anything', 'curious', 'appears', 'male', 'perspective', 'really', 'want', 'risk', 'messing']",1
3,1,"['comfortable', 'video', 'chatting', '']",1
1628,0,"['waiting', 'response', '']",0
1637,0,"['kims', 'recently', '']",1
573,1,"['category', 'fall', 'curvy', 'lil', 'extra', 'full', 'figured', 'lbs', 'everytime', 'go', 'date', 'feel', 'like', 'fake', 'face', 'slimmer', 'people', 'think', 'slimmer', 'need', 'feel', 'like', 'leading', 'people', 'leading', 'people', 'body', 'type', 'someone', 'would', 'like', 'plz', 'help', '']",1
1526,0,"['actually', 'love', 'people', 'like', '']",1
1413,1,"['gonna', 'tell', 'okc', '']",1
121,1,"['stop', 'slave', 'emotions', 'two', 'things', 'life', 'easy', 'thing', 'feels', 'comfortable', 'hard', 'thing', 'feels', 'difficult', 'number', 'way', 'ace', 'life', 'always', 'aspire', 'difficult', 'thing']",1
94,0,"['right', '']",0
1393,0,"['found', 'kyle', 'final', 'form', '']",0
1059,0,"['blurred', 'likes', 'got', 'like', 'recently', 'view', 'liked', 'swipe', 'right', 'match', 'also', 'know', 'unmatch']",0
1578,0,"['subtile', '']",1
931,0,"['ladies', 'best', 'opener', 'gotten', 'seen', 'countless', 'guys', 'post', 'great', 'openers', 'read', 'tons', 'articles', 'great', 'openers', 'much', 'curious', 'average', 'woman', 'perspective', 'makes', 'great', 'opener']",1
789,1,"['refusing', 'wear', 'face', 'mask', 'dealbreaker', 'dating', 'apps', '']",1
500,1,"['someone', 'wrote', 'hello', 'name', 'need', 'know', 'love', 'lemonade', 'bot', 'bot', 'real', 'person', 'mention', 'lemonade', 'profile', 'want', 'waste', 'like', 'bot']",1
1492,1,"['update', 'profile', 'making', 'visible', 'mine', 'currently', 'deactivated', 'profile', 'deactivated', 'several', 'months', 'move', 'cities', 'would', 'like', 'update', 'profile', 'give', 'bit', 'makeover', 'would', 'prefer', 'keep', 'profile', 'invisible', 'changes', 'made', 'see', 'option', 'current', 'profile', 'visible', 'publicly', 'order', 'edit', 'apologies', 'answered', 'find', 'anything', 'sidebar', 'thanks', 'much']",1
62,0,"['tinder', '']",0
661,1,"['cj', 'post', 'pics', 'doggos', 'feel', '']",1
1154,1,"['dating', 'anyone', 'actually', 'gotten', 'dare', 'app']",1
447,0,"['finnish', 'girls', 'tinder', 'edition', '']",0
92,1,"['guys', 'mean', 'call', 'someone', 'chad', '']",1
515,1,"['things', 'would', 'liked', 'know', 'date', 'never', 'thought', 'ask', 'early', 'online', 'dating', 'life', 'years', 'ago', 'met', 'woman', 'cafe', 'seen', 'pretty', 'face', 'far', 'little', 'know', 'let', 'say', 'unusual', 'proportions', 'sitting', 'amazed', 'majority', 'guests', 'watched', 'squeezing', 'considerable', 'effort', 'one', 'wooden', 'coffee', 'house', 'chairs', 'known', 'would', 'recommended', 'another', 'place', 'still', 'inspired', 'conversation', 'something', 'another', 'date', 'co', 'parenting', 'mother', 'several', 'dates', 'learned', 'actually', 'lost', 'custody', 'child', 'reasons', 'ruined', 'long', 'term', 'perspective', 'since', 'full', 'body', 'pics', 'become', 'standard', 'sometimes', 'ask', 'type', 'arrangement', 'somebody', 'sharing', 'parenting', 'lessons', 'learned']",1
1049,1,"['fall', 'back', 'advice', 'welcomed', 'month', 'ago', 'met', 'really', 'cute', 'guy', 'okcupid', 'im', 'really', 'big', 'deal', 'always', 'dated', 'men', 'significantly', 'older', 'clicked', 'immediately', 'love', 'music', 'history', 'disapproval', 'two', 'party', 'system', 'seen', 'times', 'times', 'us', 'chilling', 'house', 'conundrum', 'teenage', 'daughter', 'sees', 'every', 'tuesday', 'thursday', 'every', 'weekend', 'plays', 'soccer', 'wednesday', 'thursday', 'eighth', 'grade', 'math', 'teacher', 'phd', 'student', 'teaches', 'couple', 'classes', 'side', 'obviously', 'schedule', 'bit', 'lax', 'also', 'think', 'important', 'note', 'busy', 'life', 'let', 'initiate', 'nearly', 'convos', 'think', 'fair', 'say', 'somewhat', 'interested', 'like', 'lot', 'totally', 'gives', 'butterflies', 'want', 'see', 'go', 'need', 'spend', 'time', 'together', 'figure', 'stuff', 'example', 'week', 'daughter', 'weekend', 'could', 'potentially', 'go', 'days', 'without', 'seeing', 'time', 'know', 'claim', 'time', 'early', 'apprehensive', 'would', 'mean', 'us', 'short', 'term', 'long', 'term', 'enjoy', 'spending', 'quality', 'time', 'someone', 'even', 'means', 'watching', 'netflix', 'cooking', 'together', 'know', 'early', 'seem', 'clingy', 'even', 'crazy', 'like', 'know', 'fit', 'life', 'feel', 'like', 'maybe', 'fall', 'back', 'would', 'like', 'advice', 'someone', 'likes', 'make', 'time']",1
453,1,"['wait', 'ask', 'guy', 'asked', 'date', 'first', 'time', 'initiated', 'second', 'third', 'date', 'left', 'trip', 'friends', 'two', 'weeks', 'time', 'expressed', 'interest', 'amp', 'seeing', 'wait', 'ask', 'fourth', 'one', 'sure', 'keep', 'asking', 'hang', 'initiate', 'anything']",1
1445,0,"['thought', 'legs', 'amputated', '']",0
805,1,"['okcupid', 'membership', 'worth', 'signed', 'okcupid', 'yesterday', 'got', 'likes', 'curious', 'look', 'like', 'paying', 'month', 'membership', 'potential', 'sub', 'par', 'quality', 'matches', 'seems', 'like', 'rip', 'know', 'save', 'money', 'extended', 'month', 'subscription', 'worth']",1
698,0,"['normal', '']",1
495,1,"['dating', 'platform', 'travelers', 'welcome', 'traveler', 'tried', 'hard', 'learn', 'travel', 'lose', 'mind', 'stay', 'one', 'place', 'past', 'two', 'weeks', 'home', 'bring', 'stay', 'couple', 'weeks', 'time', 'seem', 'happy', 'road', 'travels', 'vaguely', 'looking', 'new', 'place', 'settle', 'hopes', 'maybe', 'right', 'place', 'would', 'cure', 'wanderlust', 'despite', 'amazing', 'places', 'never', 'encountered', 'somewhere', 'believed', 'could', 'stay', 'indefinitely', 'stationary', 'life', 'shall', 'say', 'problematic', 'dating', 'life', 'whole', 'life', 'able', 'justify', 'travel', 'uniform', 'brief', 'military', 'phase', 'less', 'issue', 'perhaps', 'even', 'asset', 'women', 'seemed', 'drawn', 'based', 'job', 'ended', 'job', 'suddenly', 'nobody', 'wanted', 'anything', 'learned', 'travel', 'habits', 'think', 'travel', 'lot', 'apparently', 'people', 'anything', 'one', 'two', 'trips', 'covering', 'week', 'two', 'much', 'cover', 'usually', 'around', 'miles', 'year', 'sleep', 'outside', 'house', 'least', 'nights', 'year', 'probably', 'closer', 'typical', 'year', 'even', 'tried', 'using', 'covid', 'exercise', 'traveling', 'less', 'sustain', 'first', 'month', 'still', 'learned', 'self', 'contained', 'travels', 'road', 'three', 'weeks', 'straight', 'social', 'distancing', 'even', 'home', 'still', 'stay', 'still', 'anyway', 'trip', 'decided', 'give', 'online', 'dating', 'try', 'hypothesis', 'maybe', 'suited', 'women', 'home', 'area', 'usually', 'try', 'focus', 'dating', 'place', 'spend', 'time', 'wondering', 'hating', 'travel', 'buffalo', 'thing', 'well', 'seems', 'pnw', 'get', 'slightly', 'matches', 'first', 'place', 'even', 'unmatches', 'took', 'ten', 'messages', 'one', 'person', 'actually', 'chatted', 'reveal', 'resented', 'lifestyle', 'us', 'work', 'lol', 'pointed', 'work', 'every', 'day', 'make', 'good', 'money', 'guessing', 'maybe', 'means', 'hatred', 'travel', 'resentment', 'nomads', 'universal', 'even', 'covid', 'era', 'working', 'remotely', 'starting', 'lose', 'stigma', 'told', 'lot', 'subreddit', 'travel', 'habit', 'going', 'considered', 'dealbreaker', 'wondering', 'truly', 'completely', 'universal', 'know', 'exist', 'women', 'hate', 'lifestyle', 'encounter', 'periodically', 'either', 'timing', 'wrong', 'one', 'girl', 'asked', 'date', 'last', 'year', 'facebook', 'coordinate', 'state', 'long', 'enough', 'meet', 'randomly', 'ran', 'washington', 'last', 'week', 'seeing', 'someone', 'mutual', 'attraction', 'missing', 'accidentally', 'broke', 'travel', 'nurse', 'heart', 'last', 'year', 'well', 'actually', 'two', 'travel', 'nurses', 'would', 'imagine', 'women', 'share', 'lifestyle', 'similar', 'problem', 'though', 'probably', 'badly', 'seems', 'surplus', 'male', 'nomads', 'perhaps', 'women', 'need', 'assistance', 'selecting', 'us', 'think', 'room', 'niche', 'platforms', 'every', 'imaginable', 'orientation', 'kink', 'religion', 'even', 'farmers', 'ought', 'something', 'travelers', 'ideas']",1
340,1,"['feel', 'masks', '']",1
406,1,"['normal', 'get', 'many', 'likes', 'hello', 'recently', 'opened', 'new', 'account', 'massive', 'changes', 'got', 'like', 'likes', 'less', 'week', 'normal', 'new', 'okc', 'add', 'male', 'anywhere', 'option', 'checked']",1
42,0,"['able', 'receive', 'messages', 'conversations', 'going', 'radio', 'silent', 'hours', 'dont', 'understand', 'like', 'answering', 'know', 'advice', 'friend', 'even', 'get', 'inbox']",1
1253,0,"['munene', 'means', 'big', '']",1
40,1,"['two', 'biggest', 'nos', 'need', 'know', 'sometimes', 'come', 'across', 'profiles', 'go', 'lines', 'narcissist', 'perverts', 'insert', 'anything', 'want', 'instead', 'swipe', 'left', 'bother', 'messaging', 'etc', 'sounds', 'stupid', 'like', 'someone', 'would', 'think', 'damn', 'manipulative', 'like', 'person', 'inviting', 'shop', 'explicitly', 'precised', 'accept', 'delinquent', 'payers', 'second', 'talk', 'bad', 'exes', 'exes', 'first', 'thing', 'tell', 'also', 'make', 'look', 'like', 'handle', 'rupture', 'childish', 'emotionally', 'immature', 'imo', 'two', 'things', 'worse', 'short', 'generic', 'emoji', 'profiles']",1
4,1,"['affluent', 'ladies', 'hanging', 'around', 'absolutely', 'disgusting', 'lifestyle', 'would', 'mind', 'becoming', 'accustomed', '']",1
778,0,"['discounts', 'gold', 'got', 'back', 'tinder', 'crazy', 'price', 'gold', 'skyrocket', 'like', 'crazy', 'months', 'incredible', 'might', 'pandemic', 'amp', 'everyone', 'scrambling', 'find', 'love', 'online']",0
1471,0,"['right', '']",0
79,1,"['apps', 'worth', 'using', 'nyc', 'serious', 'relationships', 'newly', 'becoming', 'single', 'reinstalled', 'dating', 'apps', 'hinge', 'cmb', 'used', 'past', 'noticed', 'much', 'less', 'success', 'attribute', 'ongoing', 'pandemic', 'wondering', 'anyone', 'apps', 'recommend', 'thinking', 'okc', 'vs', 'match', 'vs', 'eharmony']",1
133,1,"['people', 'okcupid', 'indecisive', 'example', 'match', 'talking', 'ask', 'experience', 'okcupid', 'told', 'okay', 'talked', 'couple', 'people', 'people', 'ghost', 'stop', 'replying', 'never', 'understand', 'replies', 'oh', 'sucks', 'worry', 'ghost', 'replied', 'month', 'yet', 'clearly', 'online', 'changed', 'profile', 'pictures', 'recently', 'added', 'couple', 'pictures', 'also', 'green', 'dot', 'amp', 'x', 'b', 'example', 'another', 'match', 'told', 'cute', 'definitely', 'want', 'talk', 'get', 'know', 'added', 'bunch', 'stuff', 'video', 'games', 'common', 'asked', 'playing', 'reply', 'back', 'heard', 'ever', 'since', 'reply', 'week', 'since', 'last', 'reply', 'still', 'logging', 'green', 'dot', 'edited', 'profile', 'amp', 'x', 'b', 'hell', 'people', 'get', 'years', 'ago', 'remember', 'talking', 'someone', 'week', 'getting', 'number', 'going', 'date', 'straight', 'forward', 'since', 'rejoined', 'okcupid', 'last', 'couple', 'months', 'taking', 'couple', 'months', 'exact', 'pattern', 'match', 'reply', 'times', 'gone', 'match', 'reply', 'times', 'gone', 'match', 'reply', 'times', 'gone', 'inbox', 'matches', 'ended', 'like', 'last', 'months']",1
219,0,"['sweet', 'ask', '']",1
368,1,"['people', 'like', 'ever', 'get', 'loyal', 'worthy', 'one', 'flat', 'af', 'probably', 'malnutritioned', 'face', '']",1
1243,0,"['anyone', 'know', 'get', 'unbanned', 'vibing', 'girl', 'heavy', 'account', 'got', 'banned', '']",0
579,1,"['tinder', 'names', 'jim', 'lanzone', 'ceo', '']",0
132,0,"['initiating', 'rare', 'thing', 'girls', 'initiate', 'conversation', 'never', 'girls', 'even', 'remotely', 'interested', 'talking']",1
988,1,"['interface', 'okc', 'user', 'interface', 'great', 'barely', 'good', 'messaging', 'app', 'clunky', 'best', 'really', 'scroll', 'message', 'writing', 'know', 'probably', 'meant', 'keep', 'msg', 'short', 'anything', 'lines', 'fight', 'try', 'write', 'edit', 'desktop', 'oof', 'way', 'oversized', 'photos', 'see', 'details', 'read', 'profile', 'see', 'photos', 'time', 'maybe', 'checked', 'settings', 'either', 'way', 'exactly', 'great', 'user', 'experience', 'even', 'count', 'messages', 'one', 'sends', 'dates', 'getting', 'likey', 'user', 'error', 'app', 'site']",1
851,0,"['sweet', 'weird', '']",1
1350,1,"['banned', 'heck', 'hi', 'guys', 'use', 'okcupid', 'since', 'two', 'years', 'everything', 'great', 'far', 'went', 'dates', 'years', 'bit', 'disappointed', 'okc', 'tends', 'match', 'people', 'side', 'world', 'indonesia', 'philippines', 'although', 'set', 'maximum', 'distance', 'km', 'yesterday', 'app', 'work', 'whole', 'day', 'us', 'home', 'screen', 'today', 'notification', 'told', 'terms', 'services', 'updated', 'thought', 'oh', 'sweet', 'bug', 'gone', 'let', 'use', 'app', 'landed', 'login', 'page', 'put', 'email', 'address', 'got', 'error', 'message', 'account', 'banned', 'please', 'review', 'terms', 'services', 'community', 'guidelines', 'information', 'gave', 'look', 'know', 'happened', 'think', 'never', 'said', 'done', 'anything', 'wrong', 'app', 'thing', 'comes', 'mind', 'answered', 'question', 'feminist', 'important', 'astrology', 'please', 'judge', 'imo', 'thing', 'could', 'ban', 'quite', 'far', 'fetched', 'either', 'someone', 'like', 'reported', 'reason', 'exes', 'nearby', 'app', 'banned', 'without', 'examining', 'profile', 'comes', 'mind', 'tinder', 'exactly', 'one', 'report', 'ex', 'permanently', 'banned', 'tbh', 'would', 'sadden', 'okc', 'better', 'tinder', 'moderation', 'side', 'anyone', 'clue', 'banned', 'get', 'information', 'thanks', 'advance']",1
1025,0,"['still', 'makes', 'smile', '']",1
514,0,"['account', 'randomly', 'banned', 'account', 'got', 'randomly', 'banned', 'last', 'night', 'way', 'figure', 'cancel', 'gold', 'subscription']",0
591,0,"['living', 'lonely', 'world', '']",0
888,0,"['bury', 'way', 'keep', 'digging', '']",1
323,1,"['cj', 'post', 'pic', 'uggos', 'absolutely', 'averages', 'hotties', 'pain', 'downvoting']",1
1114,0,"['wanted', 'play', 'minecraft', '']",1
373,1,"['met', 'guy', 'okc', 'serious', 'relationship', 'able', 'delete', 'acct', 'problem', 'every', 'time', 'try', 'delete', 'mine', 'matter', 'wifi', 'connected', 'using', 'data', 'always', 'get', 'message', 'please', 'help', '']",1
1140,0,"['haha', 'thought', 'funny', '']",0
601,0,"['hit', 'single', 'sweatshirt', 'jacob', 'sartorius', 'work', '']",1
1571,0,"['jokes', 'like', 'onions', 'layers', 'stink', '']",0
1406,1,"['perfect', 'date', '']",1
36,1,"['say', 'live', 'outside', 'box', 'assume', 'means', 'primarily', 'eat', 'food', 'find', 'dumpster', 'saw', 'profile', 'fun', 'adventurous', 'lives', 'outside', 'box', 'edit', 'ok', 'yall', 'hate', 'joke']",1
1135,1,"['robust', 'girl', 'afraid', 'make', 'profile', 'ok', 'cupid', 'meet', 'people', 'nervous', 'somehow', 'think', 'body', 'type', 'desirable', 'wanna', 'waste', 'time', 'rather', 'single', 'let', '']",1
603,1,"['tip', 'women', 'like', 'say', 'name', 'remember', 'silver', 'bullet', 'still', 'jerk', 'kind', 'funny', 'honest', 'rest', 'stuff', 'definitely', 'found', 'using', 'name', 'often', 'possible', 'definitely', 'positive', 'effect', 'person', 'texts', 'take', 'every', 'opportunity', 'say', 'name', 'dunno', 'works', 'exactly', 'nice', 'easy', 'follow', 'advice', 'rather', 'normal', 'vague', 'stuff', 'get', 'usually']",0
1017,0,"['go', 'basically', 'matched', 'cute', 'girl', 'tinder', 'goes', 'different', 'university', 'half', 'hours', 'away', 'talking', 'eventually', 'became', 'clear', 'completely', 'new', 'whole', 'sex', 'thing', 'eventually', 'decided', 'saturday', 'would', 'drive', 'would', 'hang', 'first', 'time', 'together', 'also', 'taking', 'covid', 'seriously', 'feels', 'responsible', 'really', 'nervous', 'getting', 'pregnant', 'would', 'ruin', 'life', 'also', 'let', 'fear', 'keep', 'enjoying', 'intimacy', 'forever', 'guys', 'think', 'take', 'opportunity']",1
1047,0,"['sure', 'fits', 'got', 'notification', 'wildfires', 'mile', 'north', 'burn', 'bad', 'luck', 'tender', 'part', '']",1
483,0,"['realize', 'ugly', 'could', 'swipe', 'right', 'every', 'person', 'every', 'day', 'still', 'get', 'matches', 'rip', 'guess', 'haha']",0
164,1,"['people', 'want', 'kids', 'would', 'able', 'name', 'kid', 'whatever', 'want', 'partner', 'could', 'enthusiastically', 'participate', 'process', 'simply', 'barred', 'objecting', 'name', 'grounds', 'personal', 'opinions', 'would', 'plus', 'today', 'saw', 'picture', 'grimes', 'first', 'time', 'life', 'seen', 'memes', 'followed', 'grelon', 'son', 'xzibit', 'various', 'comment', 'sections', 'never', 'looked', 'particular', 'reason', 'saw', 'pic', 'clicked', 'would', 'let', 'woman', 'name', 'kid', 'whatever', 'hell', 'wanted', 'fucked', 'got', 'thinking', 'maybe', 'add', 'profile', 'kids', 'partner', 'name', 'whatever', 'want', 'least', 'story', 'grimes', 'case', 'would', 'win', 'points']",0
768,0,"['life', 'much', 'easier', 'two', 'people', 'want', 'thing', '']",1
784,1,"['messages', 'deleted', 'talking', 'people', 'site', 'noticed', 'messages', 'going', 'away', 'figured', 'like', 'tinder', 'unmatching', 'today', 'got', 'email', 'saw', 'still', 'messaging', 'less', 'minutes', 'ago', 'however', 'see', 'messages', 'happening', 'anyone', 'else', 'bug', 'honestly', 'kinda', 'second', 'guessing', 'getting', 'ghosted', 'people']",1
1405,0,"['next', 'form', 'communication', 'messaging', 'tinder', 'view', 'poll', 'https', 'www', 'reddit', 'com', 'poll', 'iq', 'kjb']",0
1073,0,"['bio', 'mentioned', 'baseball', 'also', 'lucky', '']",0
946,1,"['missing', 'intro', 'message', 'got', 'intro', 'someone', 'using', 'daily', 'likes', 'chose', 'wait', 'pass', 'could', 'message', 'see', 'intro', 'anymore', 'see', 'little', 'hidden', 'message', 'bit', 'likes']",1
879,1,"['cj', 'reading', 'think', '']",1
934,1,"['anyone', 'zoom', 'dating', 'success', 'one', 'girl', 'willing', 'meet', 'person', 'opted', 'zoom', 'hot', 'outside', 'cheadle', 'turns', 'camera', 'zoom', 'meetings', 'audio']",1
1327,1,"['cj', 'frequently', 'take', 'things', 'personally', 'like', 'attaching', 'emotional', 'significance', 'people', 'actions', 'things', 'may', 'may', 'related']",1
172,1,"['last', 'time', 'got', 'ghosted', 'feel', '']",1
923,1,"['cj', 'sorry', '']",1
357,1,"['ok', 'get', '']",0
1275,1,"['cj', 'dark', 'side', '']",1
656,0,"['suck', 'tinder', '']",0
404,1,"['story', 'time', 'sunday', 'august', 'hot', 'date', 'dating', 'life', 'desert', 'lock', 'cutie', 'feel', 'like', 'unloading', 'person', 'stood', 'tell', 'us', 'stories', 'romance']",1
1178,0,"['years', 'swipe', 'right', '']",0
1261,0,"['questions', 'algorithm', 'using', 'tinder', 'days', 'two', 'main', 'questions', 'likes', 'completely', 'stagnated', 'likes', 'came', 'got', 'likes', 'within', 'first', 'hours', 'using', 'tinder', 'ever', 'since', 'barely', 'goes', 'like', 'go', 'averaging', 'around', 'likes', 'hour', 'like', 'one', 'like', 'day', 'makes', 'sense', 'also', 'come', 'never', 'seem', 'match', 'sit', 'swipe', 'day', 'barely', 'match', 'anyone', 'people', 'gonna', 'appear', 'feed', 'swipe', 'left', 'like', 'half', 'time', 'doubt', 'tinder', 'flagged', 'account', 'spam']",0
909,0,"['guy', 'literally', 'pic', 'deceased', 'uncle', 'first', 'image', '']",0
869,0,"['meet', 'lamar', '']",1
1103,0,"['gotta', 'easier', 'way', '']",0
75,1,"['okcupid', 'worth', 'paying', 'view', 'poll', 'https', 'www', 'reddit', 'com', 'poll', 'hyhllk']",1
1497,0,"['stuck', 'france', 'hey', 'guys', 'using', 'passport', 'free', 'somehow', 'location', 'got', 'stuck', 'france', 'go', 'back', 'actual', 'location', 'however', 'wanna', 'miss', 'nice', 'looking', 'french', 'boys', 'also', 'add', 'another', 'location', 'lol', 'happened', 'anyone']",0
122,0,"['super', 'new', 'tad', 'eager', 'maybe', 'bit', 'aggressive', 'hope', 'likes', 'wlw', 'problems', 'humour', '']",0
659,1,"['wow', 'hell', 'happened', 'okc', 'past', 'years', 'decided', 'hop', 'back', 'instantly', 'notice', 'get', 'likes', 'per', 'day', 'free', 'account', 'yikes', 'girl', 'sends', 'intro', 'new', 'concept', 'apparently', 'get', 'hours', 'like', 'back', 'order', 'respond', 'except', 'likes', 'day', 'pay', 'able', 'use', 'likes', 'respond', 'person', 'vaporizes', 'horrific', 'money', 'vacuum', 'machine', 'app', 'turned', 'first', 'got', 'okc', 'back', 'used', 'way', 'decade', 'basically', 'thing', 'seldom', 'changes', 'pretty', 'much', 'unrecognizable', 'hell', 'happened']",1
1351,1,"['cj', 'dream', 'family', '']",1
116,1,"['cj', 'deserve', 'high', 'five', '']",1
1585,1,"['okc', 'unaccessible', 'desktop', 'amp', 'android', 'first', 'thought', 'normal', 'would', 'fixed', 'soon', 'days', 'unable', 'access', 'account', 'pc', 'android', 'get', 'pc', 'direct', 'link', 'profile', 'pretty', 'much', 'thing', 'android', 'https', 'imgur', 'com', 'fckby', 'w', 'https', 'imgur', 'com', 'fckby', 'w', 'https', 'preview', 'redd', 'jsuzwmh', 'dyi', 'jpg', 'width', 'amp', 'format', 'pjpg', 'amp', 'auto', 'webp', 'amp', 'ac', 'ef', 'b', 'b', 'c', 'b', 'bdc', 'main', 'page', 'loads', 'forever', 'loop', 'guy', 'ddos', 'bu', 'server', 'issue', 'list', 'subscription', 'something', 'else', 'might', 'falsely', 'flagged', 'frustrated', 'woman', 'ignored', 'go', 'downdetector', 'ca', 'https', 'downdetector', 'ca', 'get', 'outages', 'canada', 'usand', 'europe', 'https', 'downdetector', 'ca', 'status', 'okcupid', 'map', 'https', 'downdetector', 'ca', 'status', 'okcupid', 'map', 'going', 'list', 'suppose', 'renewed', 'soon', 'remember', 'auto', 'renew']",1
1383,0,"['error', 'hi', 'using', 'pc', 'version', 'tinder', 'keep', 'getting', 'error', 'trying', 'pay', 'plus', 'daren', 'use', 'mobile', 'got', 'blocked', 'ha', 'sigh', 'get', 'around', 'amp', 'x', 'b', 'cheers']",0
1452,1,"['cj', 'failed', '']",1
157,0,"['proof', 'looks', 'everything', '']",0
379,1,"['two', 'things', 'infinite', '']",1
1478,0,"['put', 'nice', 'ass', 'bio', 'guy', 'girls', 'much', 'reference', 'actually', 'nice', 'ass', 'makes', 'difference']",0
21,1,"['facetime', 'covid', 'one', 'dress', 'fancy', 'e', 'dress', 'shirt', 'dress', 'formal', 'casual', 'dress', 'impress', 'groomed', 'context', 'shave', 'haircut', 'make', 'video', 'call', 'video', 'call', 'someone', 'met', 'dating', 'app', 'first', 'time', 'p', 'getting', 'know', 'stage', 'aim', 'long', 'term', 'relationship', 'amp', 'x', 'b']",1
1568,1,"['woman', 'beefy', 'dude', 'masc', 'looking', 'thing', '']",1
1247,0,"['found', 'gem', 'twitter', '']",0
109,0,"['bio', 'said', 'law', 'undergrad', 'didnt', 'stand', 'chance', '']",0
208,0,"['hope', 'think', 'calling', 'fat', '']",0
1043,1,"['cj', 'common', 'dating', 'trope', 'gets', 'unreasonably', 'angry', 'hate', 'hate', 'hate', 'people', 'enjoy', 'travel', 'want', 'partner', 'pets', 'make', 'skin', 'crawl', 'yell', 'office', 'personality']",1
412,1,"['broke', 'lockdowns', 'know', 'date', '']",1
945,1,"['confused', 'wrote', 'intro', 'swiped', 'left', 'found', 'profile', 'someone', 'seemed', 'great', 'amp', 'wrote', 'long', 'intro', 'believe', 'sent', 'profile', 'still', 'screen', 'accidentally', 'swiped', 'left', 'still', 'get', 'intro', 'message', 'way', 'finding']",1
15,0,"['darn', '']",1
452,1,"['dates', 'less', 'total', 'st', 'date', 'coffee', 'nd', 'date', 'walk', 'park', 'ice', 'cream', 'rd', 'date', 'beach', 'sex', 'happen', 'job', 'right', 'create', 'attraction', 'personality', 'common', 'trying', 'use', 'expensive', 'experiences', 'happens', 'often', 'especially', 'good', 'looking', 'women', 'trying', 'gate', 'keep', 'sex', 'leverage', 'either', 'way', 'nothing', 'happens', 'bucks', 'hours', 'time', 'know', 'wants', 'provide']",1
803,0,"['motorcycle', 'ride', 'sex', '']",1
1305,1,"['women', 'always', 'dump', 'reason', 'get', '']",1
1026,0,"['bio', 'says', 'expert', 'disney', 'music', 'suck', 'taking', 'hint', '']",0
309,0,"['decided', 'share', '']",1
1374,1,"['god', 'fearing', 'one', 'meaning', 'god', 'fearing', 'seems', 'old', 'testament', 'wondering', 'christian', 'sects', 'uses', 'non', 'literal', 'way']",1
1120,1,"['wtf', 'never', 'seen', 'takes', 'ages', 'match', 'even', 'send', 'message', '']",1
1608,0,"['matchmaking', 'data', 'survey', 'hi', 'wanted', 'get', 'better', 'understanding', 'matchmaking', 'apps', 'readily', 'available', 'today', 'could', 'take', 'two', 'minutes', 'fill', 'survey', 'would', 'extremely', 'helpful', 'thank']",1
1268,0,"['classy', '']",1
1595,1,"['cj', 'could', 'one', 'super', 'power', 'related', 'dating', 'would', '']",1
1545,0,"['gonna', 'swipe', 'creasing', 'air', 'forces', 'big', 'turn', '']",0
927,1,"['cj', 'looking', 'forward', 'weekend', '']",1
1068,1,"['attitude', 'flakes', 'free', 'time', 'whatever', 'want', 'make', 'life', 'awesome', 'flaking', 'becomes', 'good', 'thing']",1
1535,1,"['date', 'ideas', 'covid', 'restaurant', 'restrictions', 'f', 'live', 'korea', 'still', 'rainy', 'season', 'typhoon', 'expected', 'weekend', 'however', 'date', 'weekend', 'said', 'go', 'sit', 'restaurant', 'goes', 'restaurant', 'get', 'take', 'must', 'eat', 'place', 'workplace', 'restriction', 'strict', 'want', 'see', 'least', 'mins', 'find', 'whether', 'creeper', 'going', 'place', 'eat', 'initial', 'plan', 'get', 'bubble', 'tea', 'something', 'sit', 'outside', 'bench', 'chill', 'expected', 'rain', 'either', 'idk', 'walk', 'outside', 'stay', 'restaurant', 'suggestions', 'tl', 'dr', 'manz', 'sit', 'restaurant', 'work', 'restrictions', 'walk', 'sit', 'outside', 'rain', 'halp', 'date', 'ideas']",0
